date,amount,cost_per_gram
2024-03-21T19:01:47.163,0.08,22.2,80204597-00eb-4412-b7ee-223388806fe2
2024-03-21T19:34:41.13,0.08,22.2,9807a320-2327-40d7-a42d-88bde28ec0d5
2024-03-21T21:23:51.602,0.08,22.2,4c05ccaf-a552-4bba-aaef-2b442a3ebca2
2024-03-21T21:56:44.606,0.08,22.2,9be43041-3a94-484e-9951-f788e33b7d7c
2024-03-21T22:35:40.655,0.08,22.2,74dd5c41-16df-4a86-a0de-e722e52f79cd
2024-03-21T23:01:42.265,0.08,22.2,276872f9-a810-4ea9-a00b-13751fdfc7a1
2024-03-22T08:49:50.899,0.08,22.2,ff3c28e9-54eb-4b7a-aafb-b9a9bc7ded95
2024-03-22T10:11:48.818,0.08,22.2,bd24e687-bb30-4c17-a988-f0f401bed3eb
2024-03-22T11:16:03.957,0.08,22.2,cac6b80c-e6c2-4849-a30f-4f031c8fad74
2024-03-22T12:33:16.265,0.08,22.2,a630ff8e-8f52-4bf3-abaa-d86cb196140e
2024-03-22T14:04:15.638,0.08,22.2,44d02d64-aea1-4e43-a8a0-ed3937e6dc7d
2024-03-22T15:42:03.783,0.08,22.2,7817a1cf-ded4-48ca-bd60-6241fa567895
2024-03-22T18:22:44.814,0.08,22.2,a5cec495-64eb-4d07-8a53-6d9d42ab2ea3
2024-03-22T18:41:42.952,0.08,22.2,c31e6d5e-ef63-4899-9cab-f400948f319e
2024-03-22T20:28:42.361,0.08,22.2,930f1bf5-cf7b-4d65-84ec-bef9be738053
2024-03-22T20:47:43.043,0.08,22.2,d0ca5413-e37f-47c7-9287-3c61ead82f87
2024-03-22T22:02:00,0.08,22.2,054f085e-ecd3-4a5c-8d23-ca8298880cbc
2024-03-22T22:44:54.716,0.08,22.2,05d020b0-4d2d-4b18-ad6c-5ec57251a154
2024-03-23T09:33:36.717,0.08,22.2,4c4f9242-ce24-475e-8c4f-a2d30aa2f7da
2024-03-23T10:01:38.454,0.08,22.2,3cf2ad5b-86c1-4047-927a-cd90daae9200
2024-03-23T11:10:42.158,0.08,22.2,76c586b2-46ed-4679-88f3-9bb3f025e54d
2024-03-23T12:21:32.001,0.08,22.2,3a43f172-0178-49e3-bd0c-e98cadd3b8af
2024-03-23T12:21:33.487,0.08,22.2,e8300b92-80ae-459a-9971-d8885e7ee07a
2024-03-23T14:09:44.029,0.08,22.2,eb37aa5e-c678-4ca1-a40e-fb184bcae688
2024-03-23T14:34:00.109,0.08,22.2,5c1fce3f-023f-4b46-b1e6-1b55c5218cb8
2024-03-23T15:13:13.488,0.08,22.2,8497e430-7257-47c2-9946-a0669b958ad3
2024-03-23T16:32:06.004,0.08,22.2,3e025dd8-6dd3-4364-a558-9ad960b61c0e
2024-03-23T17:53:52.26,0.08,22.2,88274e49-b2f7-4e3d-aeae-b208c7c094ee
2024-03-23T21:16:56.195,0.08,22.2,7de8cef1-487c-4287-9368-a93dd4a7f1ed
2024-03-23T21:38:01.371,0.08,22.2,a74f27cd-1880-4b7d-be0a-3bbbceb1fed4
2024-03-23T22:55:20.846,0.08,22.2,30537e6f-3e29-439d-a64b-5491fe997600
2024-03-23T23:12:12.452,0.08,22.2,869896ac-07cc-476c-abb9-bfbc78d6ac88
2024-03-23T23:34:24.9,0.08,22.2,639ff195-a610-497d-913a-5999fc083a77
2024-03-24T09:58:33.102,0.08,22.2,d3dfa41d-b1e3-4212-8b1a-e237019ebd64
2024-03-24T10:29:15.047,0.08,22.2,46fedecf-242a-4fd1-984e-c0294b7066c0
2024-03-24T10:55:00,0.08,22.2,83f650b5-debf-460c-b967-6273108df354
2024-03-24T11:15:19.248,0.08,22.2,2a823956-b2c8-4411-be0b-f3932356143c
2024-03-24T11:53:44.011,0.08,22.2,186c06ba-1bc9-4f4c-ac4b-060dff5826cd
2024-03-24T13:32:06.372,0.08,22.2,e3d06a99-4f18-4c1a-afd2-466b82f65fc4
2024-03-24T16:13:28.351,0.1,22.2,264abc88-7068-4850-8ef8-071ea4f59cd4
2024-03-24T17:31:45.3,0.1,22.2,0c106c34-330b-475e-9c8f-ca2c3ffac76f
2024-03-24T19:11:41.647,0.1,22.2,af49c5b0-342d-4f34-b704-653921ea9987
2024-03-24T20:25:17.763,0.1,22.2,cd1143e5-c7c0-460e-9730-7922514ad591
2024-03-24T21:23:26.948,0.1,22.2,9f5943fe-0463-4ee7-90e0-95a5c0840b10
2024-03-24T22:13:34.999,0.1,22.2,4cc7cab6-c22a-4c4e-be88-34b8a531f42d
2024-03-24T23:30:47.246,0.1,22.2,e8ef74a6-0a88-4808-83f4-2f990e04e19d
2024-03-25T00:25:03.655,0.1,22.2,b8532efb-b676-4ab0-b355-ff83bcc01573
2024-03-25T09:27:37.837,0.3,22.2,aea65900-bb1a-437a-85a3-e2f9a14e760e
2024-03-25T12:26:31.514,0.1,22.2,00174fb2-82b1-468f-83c3-9dfaaf97fd3b
2024-03-25T12:50:58.747,0.1,22.2,e105cad9-d899-4085-8b2a-e5c132cb4a38
2024-03-25T15:11:52.175,0.1,22.2,b73b334e-2e3a-4d25-836f-2119a9ddddc4
2024-03-25T15:11:53.899,0.1,22.2,67c8d483-de14-44c8-9a26-ad348d94d11e
2024-03-25T17:19:43.691,0.08,22.2,de4591eb-435c-4715-97b3-2c1baba3b46b
2024-03-25T17:46:22.908,0.08,22.2,52147fb8-cd2a-4617-8a31-12a7b199403d
2024-03-25T18:12:17.069,0.08,22.2,584347e8-b776-4252-93d9-62b3fc2bf768
2024-03-25T19:58:00,0.08,22.2,732acc09-2947-4663-894f-e9b47e65d1fc
2024-03-25T20:20:23.3,0.08,22.2,e1b17ba1-a66b-4969-94e6-7ebf4e52c980
2024-03-25T21:51:19.444,0.08,22.2,8c90676d-c45c-4044-bbf9-1aa903b9f714
2024-03-25T22:39:51.739,0.08,22.2,d5880916-542e-43a4-9636-c0828011e2f6
2024-03-25T23:12:06.496,0.08,22.2,cd15bfb2-5741-457f-8a96-8e3e814bbdb8
2024-03-26T09:52:23.765,0.08,22.2,99b9ae57-af04-4418-88a2-fb41d436d4ce
2024-03-26T10:07:47.966,0.08,22.2,1f07af94-bfda-4d0d-bfe9-66f575b42d92
2024-03-26T11:09:28.153,0.08,22.2,ddba5f78-f67f-4e24-8f36-be709225c228
2024-03-26T13:11:17.452,0.08,22.2,e3facde7-dbca-4296-912f-0a797e0ad7c9
2024-03-26T13:44:04.513,0.08,22.2,bd618f3a-11a1-4a5b-9fa3-940f4c4a05a2
2024-03-26T14:17:35.516,0.08,22.2,d04ec26d-340b-4b97-bc3e-336ec3671368
2024-03-26T14:36:19.508,0.08,22.2,4c929396-f4c9-4cf0-89f7-63b37d7b1c61
2024-03-26T16:40:14.228,0.08,22.2,75c56f3c-56b8-47bb-9933-d1b00a8e6eb3
2024-03-26T17:13:44.427,0.08,22.2,82477fee-08c2-4485-8c0e-4fd78291c386
2024-03-26T18:49:42.679,0.08,22.2,a97532ae-51fe-4b92-9f8f-394c883d9140
2024-03-26T19:25:41.033,0.08,22.2,7f9a4a3c-2a25-4304-8888-60a27c2d00a8
2024-03-26T19:49:47.026,0.08,22.2,d0bc7c19-d238-40ba-8af8-c649b7693d8e
2024-03-26T21:23:40.755,0.08,22.2,7d15917f-5bdf-4db7-9d10-e9b32810dcf8
2024-03-26T21:52:21.139,0.08,22.2,d3fef090-b6e6-4d1e-8385-8649a1304543
2024-03-26T22:55:01.178,0.08,22.2,39db6813-1153-4f7a-9374-a1a9d3aeb3ea
2024-03-26T23:31:00,0.08,22.2,7fa49102-d9bc-4094-8b98-4ccfda8ceabf
2024-03-27T09:37:35.28,0.08,22.2,a4b03eb3-7487-465e-9a0a-4c8254ba5eaa
2024-03-27T11:57:23.287,0.08,22.2,67ca9c2b-426d-4777-9131-37f430f1fd7d
2024-03-27T12:28:00,0.08,22.2,d2333a17-ca83-457f-911b-b27fdca3cdb3
2024-03-27T13:00:35.948,0.08,22.2,590fd1d1-bb38-4321-93ca-f7a8eb00e3e8
2024-03-27T14:49:06.189,0.08,22.2,fced96d3-e361-4264-b88f-d902fd66db76
2024-03-27T15:27:38.894,0.08,22.2,04713fbc-4711-422c-af09-6ad76fbd737c
2024-03-27T15:45:51.42,0.08,22.2,4a1dfd24-843c-4a71-b6f9-0beeaf0a05f8
2024-03-27T16:02:06.328,0.08,22.2,071c2ca2-6132-4ec9-b516-85c91f2ae273
2024-03-27T16:31:40.86,0.08,22.2,ebf652be-d42a-486b-94b0-dd6811eb38af
2024-03-27T19:33:25.889,0.08,22.2,20acf2fe-32d3-49d6-9fde-c95974309045
2024-03-27T19:49:28.649,0.08,22.2,039a52e5-fb0e-49d1-a38e-65b865790589
2024-03-27T20:19:01.184,0.08,22.2,731fcba7-7d34-4376-bf52-197727b0d6ff
2024-03-27T21:51:27.36,0.08,22.2,8b876d92-0501-453a-a7c2-edb4a8a047f1
2024-03-27T22:32:08.791,0.08,22.2,0d2fe77a-15bc-4962-b289-c8db7d168eaf
2024-03-27T22:56:48.998,0.08,22.2,45ee6ac2-bf05-4095-9967-0de3fa67be3d
2024-03-28T08:51:30.178,0.08,22.2,f3c5cbad-3af9-4a64-9c48-c88426210d66
2024-03-28T10:11:15.243,0.08,22.2,51304706-d079-4be0-a964-840cca71276e
2024-03-28T11:40:29.448,0.08,22.2,671af2f3-9cbd-46c7-8fc6-c5dcdfd06a3a
2024-03-28T12:13:29.016,0.08,22.2,53c415ff-e40c-4bfc-8d7d-2f2af8377ce2
2024-03-28T12:33:16.211,0.08,22.2,5eb3c875-28a0-4b29-8c72-ce70eec1d4e2
2024-03-28T12:49:19.114,0.08,22.2,da7e1fef-c7a8-4c1e-926a-ad6f7824f015
2024-03-28T14:43:37.23,0.08,22.2,684cc11b-830c-4ace-a0c4-8bf2174beb1b
2024-03-28T15:18:31.464,0.08,22.2,e6da8538-8690-4c9b-988b-fc3d8359f64e
2024-03-28T15:39:57.7,0.08,22.2,89673cd0-dafc-45ff-8984-20fe4cb0ba73
2024-03-28T17:14:19.794,0.08,22.2,d28ad4df-f659-4c27-8578-6518136b6596
2024-03-28T17:54:37.61,0.08,22.2,84b1f843-2c0c-4b81-87d0-a9738f29d9e0
2024-03-28T18:35:07.21,0.08,22.2,d898fb41-307d-44ef-a676-abbbfa449817
2024-03-28T20:30:39.314,0.08,22.2,b4828984-bbe0-40d9-aa93-629dd13bd58f
2024-03-28T20:49:16.367,0.08,22.2,282036e4-629c-4d14-9db0-e9671583dcac
2024-03-28T22:10:00,0.08,22.2,d83842f8-351f-4eda-94a8-987bf4266e94
2024-03-28T23:06:00,0.08,22.2,5933149b-0b31-4f13-b61b-13d3c5bbc3ae
2024-03-29T11:08:26.865,0.08,22.2,83f09415-625b-4b7e-8060-5aa37f84cb64
2024-03-29T11:27:59.057,0.08,22.2,f4205517-e980-44ce-830d-cdd54cea1a30
2024-03-29T12:34:40.881,0.08,22.2,afacfc58-b92f-4765-bd5f-f35446893768
2024-03-29T12:50:47.9,0.08,22.2,57edf722-6629-4c72-8f47-225761fea3aa
2024-03-29T13:23:58.741,0.08,22.2,578666e2-9aa1-4f6b-ab3f-baf840763198
2024-03-29T14:07:16.624,0.08,22.2,15aa9b54-bac3-457d-b20b-d0509b1cb33f
2024-03-29T14:24:23.332,0.08,22.2,cb24d7f9-1458-473c-8934-0d1b9b68d1c6
2024-03-29T14:41:42.681,0.08,22.2,c48c1202-68df-43eb-8687-dfdce4e16def
2024-03-29T14:52:08.984,0.08,22.2,158fde07-bc3f-429c-9662-f42c30295947
2024-03-29T15:50:17.513,0.1,22.2,1558de9a-2d6e-4433-a896-6f6876837717
2024-03-29T16:30:20.817,0.08,22.2,e2689e50-98b7-4fe9-ae09-6d44d93d18b9
2024-03-29T17:08:55.847,0.1,22.2,2c73018c-0e8e-46b1-8858-3bcd9cb2c45f
2024-03-29T18:46:52.575,0.1,22.2,b716dbb2-667e-4f19-bc40-fd9f4370219a
2024-03-29T18:53:41.106,0.1,22.2,26ea88c6-9634-426c-945e-39be2a303f17
2024-03-29T19:52:50.688,0.1,22.2,da45a0f6-16ea-4a16-956e-7f1b0e95648f
2024-03-29T21:07:28.443,0.1,22.2,876f739b-cc77-4ef1-95ae-123e98700b49
2024-03-29T23:00:13.245,0.1,22.2,954af2b7-e52e-460b-be20-772f0e4775a8
2024-03-30T09:42:11.813,0.08,22.2,eaff80e4-92f8-42a8-81d0-d5e3e291bfbd
2024-03-30T09:56:42.827,0.08,22.2,483fb806-14ab-4a09-8802-303bf59fdd15
2024-03-30T10:17:58.404,0.08,22.2,af5963c9-800b-4d84-8ab8-e05b81cd6a5b
2024-03-30T10:40:07.904,0.08,22.2,f3698c4b-0b0b-452a-99dd-8d792c81483f
2024-03-30T11:53:37.292,0.1,22.2,31f23943-619b-4ff7-8036-9e4df2595d5a
2024-03-30T13:36:40.434,0.1,22.2,fecc8d66-7251-4ce4-a826-9c8b1d690bfe
2024-03-30T14:43:02.363,0.08,22.2,2f55dfc6-1a6e-4be6-b6c9-428fd849146c
2024-03-30T16:05:49.474,0.08,22.2,3c0f3ae6-d67f-4d52-b016-3c22a8581140
2024-03-30T14:30:00,0.1,22.2,8742aed5-a03b-4aed-8aac-c43eea97e253
2024-03-30T16:30:43.348,0.08,22.2,2f351210-dacb-4c76-b780-5949f5d605e6
2024-03-30T16:55:04.438,0.08,22.2,aebe6525-8b28-43d0-a351-5e290846dfda
2024-03-30T18:24:12.294,0.08,22.2,d5aef66a-fe5b-4ce6-ab44-67142d31df4a
2024-03-30T19:39:16.685,0.1,22.2,f6e353f9-f38d-4866-b189-a75609e6e951
2024-03-30T20:58:29.032,0.1,22.2,1bafdfb1-ff27-47ed-91ee-6b3d68fb5391
2024-03-30T21:52:41.274,0.1,22.2,c3508c63-0314-4727-9d46-382bdcb6a114
2024-03-30T22:37:09.113,0.1,22.2,24df8bc9-b112-4443-9e27-5f8652e6d3ee
2024-03-30T23:56:28.678,0.1,22.2,8bf1e1ea-9bdf-49a0-8f75-c72bf6ce3239
2024-03-31T08:43:23.739,0.08,22.2,bbbff0fa-c7b0-4569-a841-6dd4ce64de74
2024-03-31T09:24:05.885,0.08,22.2,11e9f6d0-d09f-4591-a130-7d2c9c96ca05
2024-03-31T10:23:55.364,0.08,22.2,751e2f08-88e7-49af-ad91-f76e3408f63a
2024-03-31T10:50:28.087,0.08,22.2,eb52b37e-ebe1-47b7-a7c8-fbda61f96017
2024-03-31T11:26:14.972,0.08,22.2,3e016389-b7a8-4a28-8b8c-2ebc7c881b6f
2024-03-31T12:33:00.482,0.1,22.2,a73ba3e1-2145-4cf2-bccf-348a1c16bfaa
2024-03-31T13:42:20.244,0.1,22.2,65588f78-3419-49f8-b573-5ff20b21f43f
2024-03-31T14:13:37.372,0.08,22.2,04bac9d2-7e46-48f2-b6f9-fb9dc85b6081
2024-03-31T15:19:57.01,0.08,22.2,5029c1f5-35ae-42c2-a708-ceb53f1f21f4
2024-03-31T15:50:51.175,0.1,22.2,31e2af5c-8466-4354-b7d3-d6918fc9f6e0
2024-03-31T16:33:09.923,0.08,22.2,850e4768-ab1b-40cf-8220-cb8ede74554b
2024-03-31T16:58:54.169,0.1,22.2,b18586f5-4732-4532-a4d7-c2ae7f3f9378
2024-03-31T17:20:25.795,0.1,22.2,194be513-23fc-48da-8411-2d51c3bcf630
2024-03-31T18:22:13.092,0.1,22.2,3ee849d5-cea1-4e34-90cb-2fadcca62bd5
2024-03-31T20:02:36.961,0.08,22.2,34aec210-9c2d-4845-9813-f99b3e33ab1c
2024-03-31T20:22:31.654,0.08,22.2,9b38b201-0fa3-423b-aef4-3ce4f22f1257
2024-03-31T21:45:28.903,0.08,22.2,36bb850d-e43c-476b-95cc-c2a3d794381c
2024-03-31T23:44:33.753,0.08,22.2,5667fa0f-ed1a-4401-9257-dd71edb2603b
2024-04-01T00:19:38.536,0.08,22.2,72a03e71-2500-47b3-a3f3-4fe5652bade2
2024-04-01T09:21:42.527,0.08,22.2,f23d3c95-9522-445a-a97d-529cc153dbf0
2024-04-01T09:45:25.308,0.08,22.2,77d6b1d5-a1aa-4052-bbd5-120aff45f291
2024-04-01T10:00:34.058,0.08,22.2,fdca2c6c-d9d7-4d66-8e37-2d713deb1f45
2024-04-01T10:25:51.381,0.08,22.2,0dece020-720d-42c9-8974-0dba46df0b60
2024-04-01T12:08:12.386,0.08,22.2,9b6e510f-02a6-437f-a31f-488e476010d5
2024-04-01T12:22:18.945,0.08,22.2,8de5e0f4-1ffa-4fb3-a32b-74aa4bbcbee1
2024-04-01T14:39:14.338,0.08,22.2,d0405a97-d183-4b09-858f-ff40189e1ed9
2024-04-01T15:08:21.558,0.08,22.2,2c6c21ce-3ab0-4fe3-ab6c-701290a1148f
2024-04-01T15:39:56.018,0.08,22.2,222c06dd-9a74-4d40-ad72-5a97d65115a1
2024-04-01T17:17:03.564,0.08,22.2,767f552f-f0ff-47f2-bbe7-d0e605cec1af
2024-04-01T17:45:31.846,0.08,22.2,b34703cf-73e6-4856-bbc1-47e3e1b01aa4
2024-04-01T18:09:35.287,0.08,22.2,71246387-1ecc-4ffd-962b-05a94463432a
2024-04-01T21:36:54.406,0.08,22.2,b34aef9d-45ff-485f-a9f4-15d34d6fd859
2024-04-01T21:46:54.887,0.08,22.2,838dca04-c039-4602-806c-90a0a2b0f324
2024-04-01T21:54:08.843,0.08,22.2,38acc6ae-7c41-46d3-9a51-25035a8fed81
2024-04-01T22:45:29.045,0.08,22.2,2baa3662-24bc-47f5-a720-4bca194b6d7c
2024-04-02T08:54:22.563,0.08,22.2,8c24f2cc-18bb-49b6-ab02-41e8708d0420
2024-04-02T09:06:44.258,0.08,22.2,11b16d1e-618a-44f6-9647-878d404388df
2024-04-02T09:58:00.509,0.08,22.2,ca686be7-96a8-4d30-80dc-7c6362aef87e
2024-04-02T11:43:24.287,0.08,22.2,8e731ad2-9ff3-4802-acf7-b1dc77b26fce
2024-04-02T11:59:08.411,0.08,22.2,3e3d81c8-a7d8-42ce-a56c-e443d0df7f98
2024-04-02T12:07:59.15,0.08,22.2,7e6b508a-6aab-42fd-bbc9-0a699f6807ae
2024-04-02T12:37:46.442,0.08,22.2,4b2cb40e-b75d-41bd-ae39-41204c202146
2024-04-02T12:59:12.307,0.08,22.2,71023473-dd94-47de-a936-d56205e5bbbb
2024-04-02T14:16:39.374,0.08,22.2,88dff8da-36c4-40f2-b50e-55ba12933287
2024-04-02T14:43:47.388,0.08,22.2,25a5253f-93ed-4393-95d2-661893abb502
2024-04-02T16:46:35.496,0.08,22.2,a668b071-e033-461d-9f9f-7d1cdaea4e0c
2024-04-02T17:03:11.294,0.08,22.2,c5ba7415-7d11-413f-b32f-9750faf84cff
2024-04-02T17:22:27.792,0.08,22.2,2d1d854f-68bb-4035-8dc5-177d47d3f56a
2024-04-02T18:38:58.195,0.08,22.2,10e33925-f514-4a25-80cf-9baf247853c6
2024-04-02T19:49:08.311,0.08,22.2,7f782277-0a62-4963-abba-4823d3cea738
2024-04-02T21:26:15.003,0.08,22.2,b5e6e73c-aee6-41d7-b2b1-e60bd887aae5
2024-04-02T21:45:37.565,0.08,22.2,44dc2ae5-f36a-46b8-af7a-de92a2e85c57
2024-04-02T22:06:00,0.08,22.2,73220d13-0c5d-415d-9790-ea387144429d
2024-04-02T22:22:49.858,0.08,22.2,81e7e4e1-999f-43e0-8227-5f6914152c75
2024-04-02T23:10:00,0.08,22.2,28f45846-1d5e-405b-979a-250a2b6ee632
2024-04-02T23:25:13.745,0.08,22.2,8e97df70-d926-409a-8201-6c31e1236452
2024-04-03T08:58:58.171,0.08,22.2,f0af29c1-4dbb-4f8b-8241-120f2deeb675
2024-04-03T11:32:02.556,0.08,22.2,4adf5f8b-5db2-42ba-9db0-5780cc647178
2024-04-03T11:51:00,0.08,22.2,dbef6602-8963-4f2b-86de-4cc8d1dbd94a
2024-04-03T12:32:13.391,0.08,22.2,6e8e291a-1654-45f3-adcf-cc61b90e335c
2024-04-03T12:46:54.476,0.08,22.2,2f0f80e0-d32d-4847-ad5e-de35c15d4582
2024-04-03T14:39:35.866,0.08,22.2,1d07d1cb-42a2-4cd7-8573-8c6e81139ac8
2024-04-03T14:50:45.786,0.08,22.2,8781165c-4cef-4a2f-b051-caff7aca6316
2024-04-03T15:02:02.673,0.08,22.2,1ab3248e-3181-417f-898d-a66e1d8e1790
2024-04-03T17:02:40.095,0.08,22.2,a8c7177e-5a89-48b3-a72c-e44819c27b61
2024-04-03T17:20:25.474,0.08,22.2,249eea95-670c-462c-8083-bce0b32532c9
2024-04-03T17:36:29.391,0.08,22.2,b5f6a62f-7cb7-4903-b14d-5727d128571b
2024-04-03T19:15:41.771,0.08,22.2,24b2d270-b7bd-4a92-9bb7-57ae9808c8c5
2024-04-03T19:25:48.085,0.08,22.2,7874fb7f-8d04-4449-83a7-94d62c1b22b2
2024-04-03T21:53:32.108,0.08,22.2,e5321e13-7ff6-45a0-b337-c47992af3e87
2024-04-03T22:12:17.512,0.08,22.2,f50d0022-0953-4332-af3f-97809f76d2db
2024-04-03T22:50:47.246,0.08,22.2,a9b65265-4ce9-41b8-aea1-18d35e50db12
2024-04-04T08:43:00,0.08,22.2,f33d7231-885f-4922-9c4c-eff2a778a8d1
2024-04-04T08:58:29.131,0.08,22.2,68cb79ba-9b49-416e-9203-bf7d0b83c280
2024-04-04T10:41:56.852,0.08,22.2,e165c23d-c330-43ae-a4d9-9d0ef2e9383b
2024-04-04T10:56:25.381,0.08,22.2,6d95b1ac-2334-4e63-80c2-0b83eb49b2bf
2024-04-04T11:49:27.8,0.08,22.2,9007e7f5-244a-4ef3-9488-0373eb47b158
2024-04-04T13:55:26.126,0.08,22.2,5bbf933e-675c-4750-9c86-59cbc44c071a
2024-04-04T14:13:38.705,0.08,22.2,1bd8333e-9742-4f59-8dac-0633095e5150
2024-04-04T16:13:00.634,0.08,22.2,2aee3e5a-078d-4820-845c-c1fc22517a66
2024-04-04T16:27:38.352,0.08,22.2,9c1ce86f-93f8-430a-99f2-539e25184dc1
2024-04-04T16:46:14.774,0.08,22.2,0155b65f-6e4e-4644-ba7f-604dabc42d13
2024-04-04T18:54:46.061,0.08,22.2,5bc28e59-89d3-438c-93ef-0b7eb4444e26
2024-04-04T19:07:32.289,0.08,22.2,d538c777-bd75-4dbc-a2ec-e6af6ec9000c
2024-04-04T19:58:25.398,0.08,22.2,13ebc751-99e1-4b6d-813c-a1991a615447
2024-04-04T20:21:32.072,0.08,22.2,cea07fb5-328e-4942-9c4a-96c526e8050e
2024-04-04T20:49:07.981,0.08,22.2,958b95e7-1eb4-43e2-869e-48718dd84c19
2024-04-04T21:58:36.907,0.08,22.2,904469b3-69aa-4be8-87f1-ded65b4720f9
2024-04-04T23:34:52.888,0.08,22.2,1e91c52c-f0ee-4ed4-b4ad-0f6b288dc603
2024-04-05T08:42:20.113,0.08,22.2,03388a53-4b89-41d3-be0e-34e8d1296d21
2024-04-05T08:56:07.664,0.08,22.2,54fafc61-5910-4176-9a18-e5bb52a1e539
2024-04-05T10:52:23.098,0.08,22.2,a9086df9-7e8e-4cab-82d7-272c0121f925
2024-04-05T11:16:19.366,0.08,22.2,e9a31aef-cb02-4dc7-a462-d7860f866938
2024-04-05T11:42:00,0.08,22.2,a6fc4f04-c38f-40a7-8a2e-75365d87a9d4
2024-04-05T13:00:35.342,0.08,22.2,ef56a9dc-e83a-426d-90d1-d02482af5980
2024-04-05T14:10:01.909,0.08,22.2,95443468-7791-4176-b081-8670f8962bdb
2024-04-05T14:36:02.209,0.08,22.2,71ba2c15-9cd8-4b50-8469-b5bf29cb24a1
2024-04-05T16:03:47.213,0.08,22.2,c14ddc3e-06f6-49d2-bd4e-890b6271a398
2024-04-05T16:42:44.377,0.08,22.2,3f4b0044-940a-4e77-9784-5739a7644ca1
2024-04-05T18:39:25.206,0.08,22.2,6a171e1a-1dfb-4abb-b122-b4249b1b7ff3
2024-04-05T18:51:15.639,0.08,22.2,01ae25e0-aba5-487c-b191-d3ce3827ce98
2024-04-05T21:12:20.468,0.3,22.2,b586f033-8185-4269-baed-d839970fa6a1
2024-04-05T23:10:05.078,0.08,22.2,46eb1fa4-a5db-4651-bb8b-906d251645d7
2024-04-06T09:49:23.705,0.08,22.2,5db8fc64-0ea2-4127-8c06-6f32038389c9
2024-04-06T10:20:14.924,0.08,22.2,37611470-7294-45c7-96a2-f78627ec1c21
2024-04-06T10:50:53.249,0.08,22.2,53931a82-77d1-4a3a-8bac-1b0be1c1ec25
2024-04-06T12:12:08.721,0.08,22.2,37496c4b-1312-47ef-ad4a-3a8b3e2ccf31
2024-04-06T12:23:32.346,0.08,22.2,7a7a5d37-6577-4452-85fb-27566ed7ed3b
2024-04-06T13:35:55.136,0.08,22.2,c2380e1e-deab-4ce4-a8a9-9f6bb81a3609
2024-04-06T13:51:22.48,0.08,22.2,ea85ddee-36cd-46ad-8269-54bbee8d685f
2024-04-06T14:18:50.198,0.08,22.2,229f8f37-8923-46bb-be8a-fee3e446b6ee
2024-04-06T15:28:38.901,0.08,22.2,2e28be7b-6dfe-4ab0-bb42-81b1653296a0
2024-04-06T15:53:59.962,0.08,22.2,fc07e053-8cb5-45c4-81bc-f86a8a020830
2024-04-06T16:26:50.392,0.08,22.2,b33c2e72-9116-496c-9cb5-3dd7428a8636
2024-04-06T18:59:17.16,0.08,22.2,b8fded6d-7bd7-46bd-a55c-117d15b6e24a
2024-04-06T19:19:43.924,0.08,22.2,88b1da20-4efd-4fbb-838a-7a2ff2bcff99
2024-04-06T19:46:19.052,0.08,22.2,b0918408-3eb1-4401-a513-88ec5a6bc601
2024-04-06T20:16:47.996,0.08,22.2,5c456430-abb4-4b9f-a26e-63fa7950d272
2024-04-06T21:28:00,0.08,22.2,867d869d-030a-48fa-b52a-d147cfe6fbb7
2024-04-06T22:45:00,0.08,22.2,5c316e02-12be-4388-b087-0624c4074f9c
2024-04-07T09:23:35.182,0.08,22.2,b7a5f1dd-d5e8-4c18-960b-fe47e00b1838
2024-04-07T09:37:28.535,0.08,22.2,f1cb900b-b150-49ae-a0c6-ebfec2c38e8d
2024-04-07T10:04:32.237,0.08,22.2,982965bf-d0c9-42a9-8f74-d07c84e0faf0
2024-04-07T10:28:01.672,0.08,22.2,60c5bc32-5839-4b39-aad7-0a76a8ca789e
2024-04-07T11:48:25.361,0.08,22.2,e2894285-cf56-43f2-bf86-d3fc036e4a20
2024-04-07T13:13:57.562,0.08,22.2,40b0cfab-5a4c-4002-9b8f-50c2296bfcfa
2024-04-07T13:47:47.345,0.08,22.2,7d4bad30-dbab-4e50-8cb0-0d0abcdaabaf
2024-04-07T14:25:44.307,0.08,22.2,f37dd9bb-887f-4005-91ad-9baffb4d43d0
2024-04-07T17:00:02.693,0.08,22.2,0d1afabd-0ca0-474c-8a61-7905797a8bd0
2024-04-07T17:19:38.179,0.08,22.2,a9714869-4ed4-4e77-bf1b-1dc0295c8e2c
2024-04-07T17:38:34.232,0.08,22.2,efddd339-d437-43a7-808b-92fd7bba354c
2024-04-07T19:14:57.301,0.08,22.2,1f0ddd85-992a-4281-a83f-97795ccae0d6
2024-04-07T19:35:29.404,0.08,22.2,af64ba65-95f3-49d3-9143-e9b9aa700893
2024-04-07T23:20:04.344,0.08,22.2,2ffe2250-a728-4e52-b38e-bba13aa102b4
2024-04-07T23:47:01.989,0.08,22.2,54056f40-a430-4636-858a-9a9e04ac98bf
2024-04-08T00:03:41.5,0.08,22.2,7d49641b-9283-4a51-b8f9-8760c00cbe4b
2024-04-08T00:31:27.376,0.08,22.2,a1920958-54d4-4c38-a4c2-30e36095ca70
2024-04-08T00:46:59.664,0.08,22.2,db24097b-db7f-4b48-a104-8416e3dcdc13
2024-04-08T08:46:44.94,0.08,22.2,69bfdedf-81d5-4aae-80e6-8626ff51a444
2024-04-08T10:26:57.564,0.08,22.2,9bddb5e0-51ff-4455-a5bd-258567b6084b
2024-04-08T11:29:54.329,0.08,22.2,81968058-0a73-4aa9-8a06-8480268d9c39
2024-04-08T11:57:58.618,0.08,22.2,2db5f3ba-c130-4895-93c5-da0e8b99272c
2024-04-08T12:21:54.427,0.08,22.2,a07a3daf-6d70-4c58-adaf-611b413b7614
2024-04-08T13:47:28.071,0.08,22.2,d21da596-afa3-4baa-b709-a2881a78aecb
2024-04-08T14:03:00.665,0.08,22.2,7843f18e-40ff-493e-826f-d335c01291d5
2024-04-08T15:05:00,0.08,22.2,44feb97f-b211-4c61-8447-c47d0e02ec84
2024-04-08T16:03:25.277,0.08,22.2,450307d2-5944-4ab3-b384-d4a40350bbb6
2024-04-08T16:47:17.827,0.08,22.2,c4de72cd-9861-43a0-99c6-7b3296f51712
2024-04-08T19:12:34.449,0.08,22.2,0b46c12f-ead2-4be6-a53b-14ff872229e1
2024-04-08T20:17:50.442,0.08,22.2,cc31ae45-db9e-4667-8ad1-f85e43ce0d83
2024-04-08T21:06:43.722,0.08,22.2,7af3d417-c8ae-481c-a0cc-dd2ee6a873aa
2024-04-08T21:47:30.212,0.08,22.2,31034f7f-01c0-466b-b5ee-03f5817c7350
2024-04-08T23:13:00,0.08,22.2,56a2a88b-629f-4a93-a317-df929b51e962
2024-04-08T23:24:35.987,0.08,22.2,1252494a-e594-4978-b4ac-d3ae2b7809bb
2024-04-09T08:16:41.165,0.08,22.2,18e5b1c0-8528-488c-b60c-5e446397c927
2024-04-09T09:36:26.825,0.08,22.2,a4e62b19-896a-4b23-894a-5a3ddde4df26
2024-04-09T09:49:20.799,0.08,22.2,7016804b-3e77-401e-859f-383969ecb9ef
2024-04-09T10:30:01.419,0.08,22.2,2195b51a-ea0c-4e0b-adbc-97ede998a8eb
2024-04-09T12:24:25.815,0.06,22.2,639f9198-dd7f-454a-9e70-19c310dd1554
2024-04-09T12:41:26.484,0.08,22.2,a648ced4-c559-4219-8318-417bbe15c59f
2024-04-09T15:50:00,0.08,22.2,9bdcb7e7-1c06-4312-b707-b248f6862377
2024-04-09T16:05:43.333,0.08,22.2,d4cd69ba-688f-4e16-a9ad-8c0de7df7e12
2024-04-09T16:16:57.386,0.08,22.2,d17a6480-1b30-41cb-bc7e-50aeb5c00f71
2024-04-09T17:53:13.672,0.08,22.2,dc951e83-09fa-4319-9391-f0afcd2b1a38
2024-04-09T18:12:43.806,0.08,22.2,a64d67bd-1bc2-4432-895b-dd681783bc14
2024-04-09T19:41:21.169,0.08,22.2,6688ee41-650c-4622-aa68-519452252267
2024-04-09T20:25:49.627,0.08,22.2,3aab703c-962e-4599-b419-82223405f6a0
2024-04-09T20:49:46.161,0.08,22.2,4a760bcd-769f-4c63-8917-5ee17d4128b2
2024-04-09T22:28:00,0.06,22.2,0154b9e2-b179-4707-8836-90c04d4e4436
2024-04-09T22:51:23.803,0.08,22.2,f1d16090-8246-4811-ba3c-3c5f1136f4c4
2024-04-09T23:23:48.216,0.08,22.2,d8ba8408-86d2-4737-9a24-597bafe71db2
2024-04-10T00:04:51.716,0.08,22.2,13374099-6b9d-467e-97cb-20dc7682a5d4
2024-04-10T10:14:50.12,0.08,22.2,39ebd529-b3ec-4b74-b98e-f85653bd7fb2
2024-04-10T10:48:36.842,0.08,22.2,26b8281a-27fc-46ee-9138-917748a69795
2024-04-10T11:07:44.315,0.08,22.2,14347f5e-0a6f-4bcf-aff4-5f19aeedc883
2024-04-10T11:53:00,0.08,22.2,e1b090f0-e22d-42d9-9a3a-645aa76dd9c1
2024-04-10T14:45:50.563,0.08,22.2,02791b3f-0a94-448d-8b40-d99de3c1d067
2024-04-10T15:00:34.722,0.08,22.2,f81b6fc8-7879-4c52-991d-761f17a65e16
2024-04-10T16:28:26.947,0.08,22.2,05a82b28-893c-4749-ac24-7feca8cac352
2024-04-10T16:41:54.785,0.08,22.2,bb83ab24-9d18-4df2-9648-68a124fd8931
2024-04-10T18:33:01.142,0.08,22.2,7b3e48f7-b072-4dee-a22b-fb12d123ada5
2024-04-10T18:49:59.237,0.08,22.2,ef6159e1-9764-4e6b-bb84-73bf5819d859
2024-04-10T19:05:26.18,0.08,22.2,b012cdaf-970e-4644-a6cc-b8e3faa66f00
2024-04-10T21:37:22.009,0.08,22.2,1cd01788-c347-4669-881e-8530df908db1
2024-04-10T22:52:35.97,0.08,22.2,12df8a8d-aed4-4786-8135-9d312b683bb8
2024-04-11T08:31:50.295,0.08,22.2,2a732098-e114-42af-ac9b-d11f50547c42
2024-04-11T08:43:32.333,0.08,22.2,fd3baf0b-2beb-4413-b216-0477cafb8956
2024-04-11T09:00:12.425,0.08,22.2,43160d89-ebc0-48c9-a5ec-366508c5e7ac
2024-04-11T10:16:35.237,0.08,22.2,809afd19-5a28-4d6c-b223-adfbfe265cc3
2024-04-11T10:32:24.836,0.08,22.2,d55ba1b0-84b6-4ea7-8ba6-5b9539606b3c
2024-04-11T12:36:28.247,0.08,22.2,84df471b-102b-4aaa-a159-c8a8da5c78ab
2024-04-11T12:53:05.739,0.08,22.2,88fa6d4f-9c52-4905-9099-3d613dc13eb7
2024-04-11T16:09:42.187,0.08,22.2,a0a9c016-fc45-450f-ac22-4bf5ae0938ea
2024-04-11T17:18:23.885,0.08,22.2,27fe7966-1a01-4339-a852-d8bf95d6a30c
2024-04-11T18:17:19.04,0.08,22.2,9f6f06d7-1128-4a83-a104-829378a5f9ea
2024-04-11T19:09:55.051,0.1,22.2,66282e47-e951-41ac-9a51-200fefd3f204
2024-04-11T20:28:34.893,0.1,50.0,514b8609-1ff0-4cd2-b16a-7d2a16362da5
2024-04-11T20:51:26.686,0.1,22.0,a8cd1dce-e138-4b35-a367-3d47d8002809
2024-04-11T22:04:22.519,0.1,22.0,451d5253-7963-4b9c-970e-3d2d255628af
2024-04-11T22:37:55.523,0.1,22.0,b7f92f6f-3054-4452-acea-8ed99d2cc1c4
2024-04-11T23:35:39.752,0.1,22.0,2459669d-4f45-4456-9b24-13287ddf2014
2024-04-12T08:19:41.874,0.3,22.0,49c81c28-1bd9-4952-9a26-b5d79cea832b
2024-04-12T10:09:47.642,0.25,22.0,0670b02c-699c-48c9-bcb2-02d412feab37
2024-04-12T15:13:20.873,0.25,22.0,7fe2a6fd-a035-4c5f-a705-0d23492735e8
2024-04-12T17:29:10.661,0.1,22.0,d8451439-ca5d-4c72-bcd0-c10298983811
2024-04-12T18:34:05.104,0.1,22.0,1b0422b4-fa16-47c8-a646-ec265995e619
2024-04-12T19:07:19.877,0.1,22.0,0bc9b1f0-6837-40ec-b111-1b74cc0958fe
2024-04-12T19:07:30.064,0.1,22.0,c286a7a3-40f4-41e0-a617-b3eb34d91ab0
2024-04-12T19:38:53.932,0.1,22.0,5b73878c-08ba-4763-b2a3-c075ae63bc4e
2024-04-12T20:19:11.855,0.1,22.0,509235e2-2850-4a01-a56e-60cde81eaddc
2024-04-12T22:21:22.126,0.1,22.0,a1765488-a71f-4aef-8194-7626e88f8d94
2024-04-13T10:32:19.38,0.08,22.0,3b6c628d-e798-4836-9d3a-c7fde8b1d25b
2024-04-13T10:48:45.453,0.08,22.0,ac575374-9277-4512-96d4-f0819ebc5704
2024-04-13T12:56:21.701,0.08,22.0,20bad454-e116-46d4-a678-d394758edac8
2024-04-13T13:20:48.07,0.08,22.0,1c9b4584-4560-472d-bb41-9e48962832ea
2024-04-13T15:28:33.52,0.08,22.0,5c109c7b-98b9-442e-9f75-268ae5aad992
2024-04-13T15:48:49.295,0.08,22.0,3021164e-0a12-4918-bfcb-f8ec4d8b30c8
2024-04-13T16:13:47.14,0.08,22.0,1e6987cc-4134-473d-bd18-1a6edadabd93
2024-04-13T16:55:21.149,0.08,22.0,85bc7c58-11eb-4714-bca8-f85d555ccf22
2024-04-13T19:41:33.865,0.08,22.0,20113628-c589-4f7d-951b-25479e757baa
2024-04-13T19:57:33.235,0.08,22.0,9af076b6-bde9-47d2-a8ff-40e6bafca3a0
2024-04-13T20:22:35.689,0.08,22.0,3a0b5420-a5e5-4ead-9938-f0815d95981f
2024-04-13T21:01:03.701,0.08,22.0,ef432ab4-fd94-4437-a624-021a06b84ac1
2024-04-13T23:00:00,0.08,22.0,823e54e2-88e7-4c3d-8d96-b10fe13a42b1
2024-04-14T09:43:39.568,0.08,22.0,9b4fba91-42b7-4fac-836f-f096fb628834
2024-04-14T10:32:00.402,0.08,22.0,11a8b2b9-d332-44dd-80a0-14f82a567849
2024-04-14T11:24:24.886,0.08,22.0,24251060-1725-4ab0-a8e4-c8a31847f42e
2024-04-14T12:24:44.289,0.08,22.0,8938fb9d-2d42-42e9-a088-2e6019b21b4e
2024-04-14T12:44:51.731,0.08,22.0,630a3aee-c61d-4a16-a0bb-540a66dd2cfd
2024-04-14T15:40:54.441,0.08,22.0,06097b81-573b-4a72-9384-d7acbb523a17
2024-04-14T15:56:11.395,0.08,22.0,c4280397-ba91-4549-ad4d-c0bc0bc3bdca
2024-04-14T19:00:00,0.08,22.0,729726ef-c493-46e9-b205-4f5bc500fecf
2024-04-14T19:30:59.559,0.08,22.0,bef2e0e4-7f64-40db-a7c9-390e816ce4ea
2024-04-14T19:56:27.73,0.08,22.0,b8134add-6cb8-4057-bb7b-3b0d0e46ac8a
2024-04-14T22:32:35.849,0.08,22.0,7b64b6f7-b72d-4dea-b5bf-1e17e00800f6
2024-04-14T23:19:39.011,0.08,22.0,0e3f67bd-8275-47c9-afe1-45726652e5a9
2024-04-15T00:01:00,0.08,22.0,b4ae5095-ea9b-40f7-8c00-4b0ded9fda3e
2024-04-15T08:47:06.135,0.08,22.0,e084f8ad-c6ed-4e00-9529-bb51ca87b1e0
2024-04-15T08:59:28.158,0.08,22.0,486ced49-e6a2-4a64-b708-dfb46e930c86
2024-04-15T10:14:24.091,0.08,22.0,27b2f43d-5709-4f02-9aeb-b1d12afda6f7
2024-04-15T10:44:01.748,0.08,22.0,ebdd9c23-ae99-4def-bd36-0fc14e952a8e
2024-04-15T12:49:44.971,0.08,22.0,e1464acf-205d-4e05-8ecf-69206295c57c
2024-04-15T13:14:52.232,0.08,22.0,85b4f590-0938-429c-a7a5-494241b99f27
2024-04-15T15:04:09.863,0.08,22.0,4432ff97-55b6-4e0c-abd4-f93deb98331a
2024-04-15T15:32:46.981,0.08,22.0,6685ec3f-fba3-4381-ba68-eea4598ab603
2024-04-15T15:52:02.664,0.08,22.0,98aae2ed-8427-41ea-958d-5961d0b9dec6
2024-04-15T17:15:56.937,0.08,22.0,f57e6bdb-690f-4885-85af-847f967945ad
2024-04-15T19:54:21.755,0.08,22.0,8e0dcc87-6af8-4543-bb60-a3966b8c7764
2024-04-15T21:46:08.008,0.08,22.0,f4c140ae-5138-45f9-8dee-e321e08f6e92
2024-04-15T22:06:17.939,0.08,22.0,ddb062ec-33fe-4c9e-ace0-294ad94080a6
2024-04-15T22:23:02.112,0.08,22.0,5d89f0d2-4edb-4c6a-8d57-577f9e868e95
2024-04-15T22:52:20.755,0.08,22.0,c0a2329a-9726-4a82-bd42-1344cad75580
2024-04-16T09:10:00.334,0.08,22.0,158be81f-642e-4e8b-bc4b-a1ae98689f67
2024-04-16T10:08:16.161,0.08,22.0,d7306661-2012-4239-add7-32e5112d3760
2024-04-16T10:36:24.223,0.08,22.0,f8656adc-5565-4a69-b815-c2ae13950571
2024-04-16T12:45:03.33,0.08,22.0,28114d26-5fba-45aa-b3e1-282e05324848
2024-04-16T14:18:41.809,0.08,22.0,48d663ec-06dc-41dc-b89f-ea230265b727
2024-04-16T15:11:05.446,0.08,22.0,424e8fc1-eaea-42ee-a097-aaba3f29ad49
2024-04-16T17:21:32.55,0.08,22.0,72422f9b-9e0d-43a0-b83a-1db82a72a989
2024-04-16T19:22:29.383,0.08,22.0,ddd40695-426d-4377-8630-90e7e440d57c
2024-04-16T19:39:14.233,0.08,22.0,d38cd888-e8b5-4e5d-a7c9-caa616768af6
2024-04-16T20:41:01.373,0.08,22.0,3a0c3340-fb7a-4dbd-91a0-15764ed11a1a
2024-04-16T21:10:05.433,0.08,22.0,0d854480-7cc7-4127-8615-8676671ac42c
2024-04-16T22:52:49.428,0.08,22.0,f726bc6c-5543-4fcd-8270-2991a39e050f
2024-04-16T23:23:30.895,0.08,22.0,2b22a98f-2efd-438d-bad7-4195cca01e16
2024-04-17T00:11:00,0.08,22.0,0f6406fa-54d5-417c-9615-4b6ff625a91d
2024-04-17T08:59:47.661,0.08,22.0,a3055363-c141-4c48-a8fa-4fb57d6c7a5d
2024-04-17T10:24:14.046,0.08,22.0,43682593-ab29-472c-b3f6-deb35df0e01f
2024-04-17T10:48:18.934,0.06,22.0,afa32d0f-d2f9-4c18-9b4c-4b2dca74f7bc
2024-04-17T12:27:48.335,0.08,22.0,512cfba2-b2b6-4d84-bd1f-4f24d24a8cc3
2024-04-17T12:53:46.141,0.08,22.0,d4813411-15ca-4826-8feb-e36500058517
2024-04-17T14:19:54.032,0.08,22.0,4ee55834-d0f8-4086-8687-4da2e49e773c
2024-04-17T15:43:58.889,0.08,22.0,eeafd9af-c2ad-4757-8434-930f60239eea
2024-04-17T18:07:00.868,0.08,22.0,5e7aaa38-43a2-4684-9dbe-c2c97836631f
2024-04-17T18:40:02.198,0.08,22.0,af6989ac-785b-40e7-876d-7900ef1203fc
2024-04-17T20:02:18.79,0.08,22.0,c8627781-8869-4842-91b2-0c9e0df2d5d0
2024-04-17T20:52:37.154,0.08,22.0,e6896251-f5d2-4baa-93e1-975733604420
2024-04-17T21:58:46.799,0.08,22.0,e4178eaa-96be-479f-90d2-d2e2b6964b47
2024-04-17T23:00:34.545,0.08,22.0,b89272b3-6d0c-434f-8c29-ddef5bb5de5a
2024-04-18T08:53:17.856,0.08,22.0,cd685ca2-999c-4f77-bccb-4518ac82c23c
2024-04-18T09:04:35.359,0.08,22.0,76bf9672-e093-4cee-8a81-74264c0a884f
2024-04-18T10:02:41.528,0.08,22.0,11868057-f9bf-4f91-bd43-0d2e377a75b1
2024-04-18T11:49:03.513,0.08,22.0,7aed8c3c-46cb-4019-b4fe-8ce930133861
2024-04-18T13:26:31.159,0.08,22.0,75eec1d7-bee8-41ad-a9a6-c840105b43db
2024-04-18T13:51:17.925,0.08,22.0,fa5e728d-d5db-483d-96ef-f8a7b4eb1e0c
2024-04-18T14:09:50.346,0.08,22.0,785466a0-1964-4857-bf16-7d9e74213644
2024-04-18T15:30:38.165,0.08,22.0,c25f9129-86b2-4dfc-9daa-2c1f74642c58
2024-04-18T17:29:04.218,0.08,22.0,aab7bb4c-5ba5-4949-8fbe-3c8ec720f116
2024-04-18T19:05:47.513,0.08,22.0,a30c0e49-9d29-4ea7-a18a-46a5403ed927
2024-04-18T19:20:47.335,0.08,22.0,f9a0f240-86de-414b-a82c-7048b7ac0bdd
2024-04-18T19:37:00.618,0.08,22.0,085035d8-5251-4ad3-afb6-1f12a1e0cbfa
2024-04-18T22:03:43.526,0.08,22.0,b2a7e941-7f87-4c3c-8259-dbe0fb8d8240
2024-04-18T22:35:27.382,0.08,22.0,1d1d082b-ca3d-4048-8861-dbdfed022199
2024-04-19T09:01:35.602,0.08,22.0,1b6ae341-80c1-4b12-b7f2-d61517a5225a
2024-04-19T09:35:56.627,0.08,22.0,95742fdd-a911-4926-983e-330478bf1a22
2024-04-19T09:49:07.916,0.08,22.0,b81d8e7c-b3df-4917-b195-52675c68b169
2024-04-19T11:09:48.466,0.08,22.0,5279bfb4-a016-4eaf-8f74-2966b67c9b23
2024-04-19T11:32:25.143,0.08,22.0,3bd7b464-223c-472b-a91a-6528330e552f
2024-04-19T12:12:33.058,0.08,22.0,0f010dfd-1379-450f-8e25-44ee19640f37
2024-04-19T13:31:52.481,0.08,22.0,35d187b6-99eb-443e-877b-d9973466e6e9
2024-04-19T16:41:54.161,0.08,22.0,b8882c30-49c2-4558-9ab0-779ebbfa3b23
2024-04-19T17:52:51.609,0.08,22.0,bd73f648-2cf8-4cbd-a5e1-2bee131f6612
2024-04-19T18:40:03.699,0.08,22.0,455c137a-174d-409b-b9ff-94687b1b3850
2024-04-19T20:08:42.02,0.1,22.0,5f59dfec-bc57-4661-a481-19b48859f57d
2024-04-19T20:23:58.628,0.1,22.0,5c576dc1-bc49-4978-a9cb-2a4eef4f8ba4
2024-04-19T20:55:22.73,0.1,22.0,a6d36105-f5bf-4909-9aae-b7be9ea0c7d1
2024-04-19T22:27:45.268,0.1,22.0,d97f5c39-61b1-4f04-bde5-fcc0ccfb0ead
2024-04-19T23:05:33.336,0.1,22.0,4a34ce19-c800-4b76-8222-dc01a945d608
2024-04-19T23:49:59.41,0.1,22.0,f656e03b-fcc9-4e37-92e8-b6ccf05b5cbc
2024-04-20T10:26:27.391,0.08,22.0,bd9b0794-d9df-4c7c-bb57-5143a3523b3f
2024-04-20T10:52:57.188,0.08,22.0,fc2ab60c-6919-4d63-a7c6-e69cf09712e9
2024-04-20T11:18:08.199,0.08,22.0,75506aea-38c7-4e89-8cd8-44ead97acdcb
2024-04-20T12:11:18.057,0.08,22.0,57814ca0-f961-43ad-8fe5-d9102c26c02b
2024-04-20T13:08:08.227,0.1,22.0,233d6b54-ff42-412f-a6ce-faf63843910c
2024-04-20T13:38:03.506,0.1,22.0,a99143ff-cae2-4047-a344-a84cfc27e4d8
2024-04-20T14:14:19.873,0.1,22.0,704944d7-75d2-4b92-a6ad-81c0d8b0f88a
2024-04-20T14:49:31.163,0.1,22.0,355b8c14-2ef3-4bd6-b25f-56e93da4998c
2024-04-20T19:02:46.7,0.1,22.0,e422fc0e-6e42-44d0-918f-8425839cc41c
2024-04-20T19:32:56.484,0.1,22.0,f2ccff95-c411-40b4-8f97-e51a2faec2b7
2024-04-20T20:30:56.861,0.1,22.0,6a48fca6-8f6b-49e2-bac4-7cc27971de14
2024-04-20T22:01:07.112,0.08,22.0,c89fe9e3-310f-4378-84cb-04e1380a4a45
2024-04-20T23:00:00,0.1,22.0,37f7985e-21aa-4d4f-b59c-9b35dcf9b914
2024-04-20T23:42:46.561,0.1,22.0,fce9f68f-0add-4d9e-9e9f-4716707e0406
2024-04-21T09:58:31.062,0.08,22.0,2656c019-dc36-4622-895a-3e4e1a1a00f9
2024-04-21T10:27:00,0.08,22.0,7ce849e5-bb88-4fa1-8f51-96bfdc1ea5b8
2024-04-21T10:48:54.24,0.08,22.0,02642d80-1c1e-48e7-8d1d-f087749e84ac
2024-04-21T11:23:39.733,0.1,22.0,2a423955-d78f-47b8-b26e-5bf652046fae
2024-04-21T12:00:33.012,0.08,22.0,bcbdded6-188a-4e45-84fe-257e76475ec5
2024-04-21T12:22:49.251,0.08,22.0,23aaf7ac-e845-47c7-a89d-a88dc8c54a7c
2024-04-21T13:02:39.158,0.1,22.0,e1507fba-9e86-4800-b7a7-f8eb3fec82a3
2024-04-21T13:06:46.642,0.1,22.0,e8492669-e02e-459f-b757-23d8ad9ed994
2024-04-21T14:02:16.909,0.08,22.0,5993493e-d49d-4391-9a32-7012b959818b
2024-04-21T16:31:10.304,0.08,22.0,417b8acd-f8d7-40f9-a394-f85d98d6fe1f
2024-04-21T16:55:37.522,0.08,22.0,1d9d3a3b-9b00-4793-90db-f786a9e7a32b
2024-04-21T18:31:00.138,0.08,22.0,6b6654f7-1e4f-4f33-90d4-ab8add762267
2024-04-21T19:41:53.584,0.08,22.0,8a225283-c4ec-4f45-a870-bfdc70ace9cd
2024-04-21T20:12:27.597,0.08,22.0,cb2bf5dc-c418-45c7-bd49-c3605433127e
2024-04-21T21:40:08.309,0.08,22.0,0920e56d-97c1-42e3-81e2-5d3ea8f70ba4
2024-04-22T08:46:36.979,0.08,22.0,15c4e577-25c8-4e11-8764-291c97f1433b
2024-04-22T08:57:26.111,0.08,22.0,9baea015-e3e8-443a-99b6-a74f487d63a5
2024-04-22T09:52:08.935,0.04,22.0,d5097345-9bfc-490e-9d30-ae2ab1aac717
2024-04-22T11:34:25.552,0.08,22.0,e270cd5b-85a0-4221-890c-7b10e698ab85
2024-04-22T12:12:45.458,0.08,22.0,5acbfdd5-c466-47aa-b12e-a34c47ae2231
2024-04-22T12:56:59.198,0.08,22.0,96a605b7-7caf-4762-8459-ffbedc5f8c95
2024-04-22T13:10:13.13,0.08,22.0,6786dbe1-3304-4832-89e3-ff1d8a223f33
2024-04-22T14:34:29.969,0.08,22.0,32e6d4b6-9ebb-482c-96b1-aeddd49ecbad
2024-04-22T16:18:09.886,0.06,22.0,e1a44f75-d7b4-42fc-9c68-29f1fe1d2ab4
2024-04-22T19:41:48.66,0.08,22.0,283ee11e-28de-46f4-8eab-840b20e2504c
2024-04-22T20:01:02.368,0.08,22.0,c9c7fe53-8806-40a4-b1a7-bdf102e26b1f
2024-04-22T20:52:43.997,0.08,22.0,bca89b07-5813-4412-a0ae-a2f5e4145fdc
2024-04-22T22:36:11.329,0.08,22.0,54853e1a-f9e8-42e2-b370-0e68140997af
2024-04-22T22:49:49.557,0.07,22.0,8b3b1f4e-5ead-4434-8a73-7af213ecf56e
2024-04-23T08:55:29.043,0.08,22.0,af665eae-c1df-46f0-bf2f-30fc159b875c
2024-04-23T09:04:34.334,0.08,22.0,22f562b2-c542-49c3-bd55-eba7f5cb42fb
2024-04-23T11:53:19.607,0.08,22.0,b9c05b00-8f24-4e69-83c0-b3cbab306a41
2024-04-23T13:35:13.641,0.08,22.0,003ce65d-f5e2-4981-89ea-d9d193dbbd4f
2024-04-23T13:55:14.347,0.08,22.0,f2bb8766-c43a-4357-8306-35510f280394
2024-04-23T15:51:40.221,0.08,22.0,7049649d-41f7-4ccc-a2e6-518d00839684
2024-04-23T16:04:48.215,0.08,22.0,79ddcd83-bda3-4b61-9b7c-bc38fe6d2b66
2024-04-23T16:20:00,0.08,22.0,b7c90b2d-b2d4-4760-b2b5-40551500d4d1
2024-04-23T17:34:23.904,0.08,22.0,778bcd82-8553-40cb-b18a-5ba8e01b3160
2024-04-23T18:32:57.587,0.08,22.0,d6d7ebe4-4d1f-4666-9932-6e30c04e2aac
2024-04-23T19:04:19.949,0.08,22.0,bd61de3c-590a-4898-bd3f-0626abbefd00
2024-04-23T21:26:16.934,0.07,22.0,b3e5c6e5-7a38-49a6-b80d-266cabdb0195
2024-04-23T22:00:15.115,0.08,22.0,6d73497b-c279-4527-958b-27089bccc8a5
2024-04-23T23:00:00,0.08,22.0,10ec05d4-6920-431b-891d-222e11152136
2024-04-24T08:35:30.959,0.08,22.0,b0dd1fc7-6af3-4f79-b67e-ed7cd312b918
2024-04-24T09:02:02.866,0.08,22.0,bb442311-ee89-49de-817c-4f1758b95002
2024-04-24T10:02:35.11,0.08,22.0,3bab6dbb-0e99-4af6-b0b3-fe4cc6867aa0
2024-04-24T10:10:09.305,0.08,22.0,14361973-552e-47de-a07e-e949d0856c3d
2024-04-24T11:36:47.344,0.08,22.0,d2b25ecc-4dc8-4562-90ec-4c1f24f215a8
2024-04-24T11:59:48.314,0.08,22.0,6fed6151-5959-42d6-8abf-50f8e1489c99
2024-04-24T12:26:51.995,0.08,22.0,17e7a1db-52aa-474f-b989-b440f135532d
2024-04-24T15:53:58.564,0.08,22.0,a03dc54e-0deb-4497-a952-dbdc4275acde
2024-04-24T16:20:02.032,0.08,22.0,c2e1beb3-1d7e-446d-9fba-83ad1fba7f8d
2024-04-24T18:06:48.49,0.08,22.0,aca023a3-a18d-4749-b62b-279e63f87aa6
2024-04-24T18:36:33.655,0.08,22.0,05f9e432-c4ba-429c-82d2-35c034ba1855
2024-04-24T19:50:47.989,0.08,22.0,2bab7c6e-45fa-4524-95a9-475beaece40b
2024-04-24T20:15:15.641,0.08,22.0,2c919bdc-b8ac-4c5c-aba1-407ef64e600b
2024-04-24T22:04:47.754,0.08,22.0,36df1b5c-0a64-42d3-9f6a-f7c1285005d4
2024-04-24T22:37:06.11,0.08,22.0,0d59dbc0-6498-411c-ac04-4c113b84fa5d
2024-04-25T07:23:42.838,0.08,22.0,8aec5968-6361-40f2-b09d-97d3f0026392
2024-04-25T08:33:59.763,0.08,22.0,02be65f5-7e25-440f-b6b0-846d0c47c805
2024-04-25T08:50:45.619,0.08,22.0,976f0c63-6738-4daf-977f-8e48adfbbe04
2024-04-25T12:11:21.224,0.08,22.0,29e6bfee-b977-4460-9985-797838a66fc3
2024-04-25T12:30:01.778,0.08,22.0,99b99549-a20e-4dff-b2bc-67549d23f651
2024-04-25T14:21:46.346,0.08,22.0,6c15df10-5b80-41a9-ae63-acf5366bb16d
2024-04-25T15:01:00,0.08,22.0,6d57fdca-e696-493a-a476-b8db3cb71719
2024-04-25T15:20:50.111,0.08,22.0,dd05d5b8-9d9b-4f12-b8fa-228aaa28f42b
2024-04-25T16:54:42.111,0.08,22.0,d0f4f43e-ba75-494d-8efc-918709fd32f5
2024-04-25T17:20:15.662,0.08,22.0,040e591d-0325-454a-aebd-47de3c7e6809
2024-04-25T18:33:10.255,0.08,22.0,9a25a6c5-991e-4a98-acf2-27625abcc58d
2024-04-25T18:58:48.213,0.08,22.0,a7bb5c87-2c07-45d8-8af9-7a69c989c1e4
2024-04-25T21:30:01.723,0.08,22.0,9f4b22fe-cdda-4f3b-abc8-1cf0ea6b8baf
2024-04-25T21:58:03.932,0.08,22.0,21da8897-c412-41e8-b15c-71bcde2a7827
2024-04-25T22:22:17.219,0.06,22.0,548efcdd-3133-4e48-b397-d565ac7d0ac8
2024-04-26T08:18:08.429,0.08,22.0,bc1fafd3-100f-47e6-b846-471b5cbe60cd
2024-04-26T08:31:25.424,0.08,22.0,29824c19-84b0-4c5a-b7f3-4fe2c8e3332e
2024-04-26T08:46:09.69,0.08,22.0,ff23bd65-c37f-422b-8e1b-22b0fa4c6863
2024-04-26T09:53:00,0.08,22.0,85b203e4-6c12-4485-af20-85cbb9cf1946
2024-04-26T12:04:00,0.08,22.0,e56ee765-b660-4cba-99a3-99ef7f0c1507
2024-04-26T12:29:23.888,0.08,22.0,9ad5914f-2b9f-4f2f-b5c0-d1757f2d87e5
2024-04-26T14:36:44.727,0.08,22.0,366bb842-9e5e-41b0-9ea8-97a914c8d9e6
2024-04-26T17:56:52.931,0.08,22.0,a2781ee8-42eb-494d-ae28-90bb701c579f
2024-04-26T18:11:20.476,0.08,22.0,be2f7a14-0e0c-46cb-bb1b-60cf5b51ced3
2024-04-26T18:27:44.049,0.08,22.0,fc458ac5-9335-41bd-8bf6-ef25d66f208c
2024-04-26T18:41:47.854,0.08,22.0,66d2e74b-5546-4495-a431-aed42d0f36e9
2024-04-26T20:37:11.202,0.08,22.0,65894018-0c8c-4703-900e-f8696aaea797
2024-04-26T21:13:28.863,0.08,22.0,6ef071cd-e8a2-41c7-918d-e6e6d3e3a8c6
2024-04-26T22:08:33.873,0.08,22.0,41964809-081c-4099-8b91-2ce650d0c34e
2024-04-26T22:25:21.746,0.08,22.0,0246d661-15d9-4b2c-838c-0fbd8b978e97
2024-04-26T22:59:41.669,0.08,22.0,5d10bc14-6f96-45d5-a564-a2787fca83f5
2024-04-26T23:12:22.597,0.08,22.0,6e2b5606-aaf2-4193-9f00-57606aac05a0
2024-04-27T10:01:34.201,0.08,22.0,5f4d971f-6324-487f-93a8-4573f102184a
2024-04-27T10:21:43.772,0.06,22.0,a88d1e9c-2808-4d3e-8a4b-eec890389f8d
2024-04-27T10:53:02.303,0.08,22.0,f36b8877-812f-4cee-ac49-00ea076b9624
2024-04-27T11:08:55.514,0.08,22.0,10ac64a8-80b5-4257-9795-05a4c2ed219a
2024-04-27T12:01:24.829,0.08,22.0,27d6c498-4eea-4f86-855d-4cb030ba0667
2024-04-27T12:33:09.252,0.08,22.0,584d7bd6-8888-4609-b7d4-20ebd16ce539
2024-04-27T12:47:32.554,0.08,22.0,cfaa8bb1-e3bd-4d37-8723-fcd111dc5c12
2024-04-27T13:06:07.146,0.08,22.0,1672b866-d0b1-4f48-affc-cac53fb91cce
2024-04-27T14:26:39.166,0.08,22.0,a11870e1-e371-419b-8309-da7f7ba7b0cf
2024-04-27T14:43:24.799,0.08,22.0,2533a4ed-aa18-4598-b154-1c86a7aae199
2024-04-27T15:13:00,0.08,22.0,27044c27-ef37-4295-9693-781239d11437
2024-04-27T15:31:10.891,0.08,22.0,81846679-7fc3-4b72-b8bb-4e4f18b9a360
2024-04-27T16:57:29.542,0.08,22.0,e39c3963-750c-42f7-afdd-dead06f5986d
2024-04-27T17:17:03.2,0.08,22.0,ddcd6e81-7492-419b-8309-383c08327d3e
2024-04-27T19:42:03.256,0.07,22.0,276a4265-07e6-477e-ae44-5d2875ea67ba
2024-04-27T20:13:52.043,0.08,22.0,cd3ec0e8-2c62-42d8-89a9-056cfe205393
2024-04-27T20:30:28.79,0.08,22.0,9058ff88-e1c0-4070-8d03-c6432192fce7
2024-04-27T20:55:51.985,0.08,22.0,10d91cf7-fb3f-40a9-8713-dc3521670408
2024-04-27T22:20:28.036,0.08,22.0,a5b095ef-b2c3-4713-be64-5ee0cd7f5cc1
2024-04-27T22:52:45.933,0.08,22.0,422f2bdd-bda8-4c9e-b3a5-cc1f74f7a87c
2024-04-28T09:19:25.082,0.08,22.0,adfc248b-ce8f-4494-9de5-c9440cba9671
2024-04-28T09:55:16.216,0.08,22.0,c4c7fab1-5645-4af4-ac62-484c68091fdf
2024-04-28T10:12:12.517,0.08,22.0,ea7457b7-4a14-486c-8097-acaa8e23767c
2024-04-28T10:44:05.477,0.08,22.0,0ad752b0-c63f-4285-867b-eb8498c79a84
2024-04-28T12:17:38.453,0.08,22.0,c1303ba2-bf5a-4fce-9b73-8ed0ad276fe9
2024-04-28T12:33:45.321,0.08,22.0,40d5fe05-a37d-490f-9e3c-69a8dd80c61f
2024-04-28T13:02:25.241,0.08,22.0,28fa1f09-1a29-4287-8de9-b2d617fcfcd5
2024-04-28T13:31:18.549,0.08,22.0,8e35d197-1ab7-484c-a8f8-a8b5a55e26ec
2024-04-28T13:52:29.122,0.08,22.0,b607d854-aa34-4f75-acb3-e4edc35462a2
2024-04-28T17:33:23.473,0.08,22.0,08bb2180-6771-4bc9-be29-0475754eb8b9
2024-04-28T17:46:13.855,0.08,22.0,f480f738-3e51-4c5f-930a-4a7a18a87033
2024-04-28T17:59:51.384,0.08,22.0,06fd7e65-4c48-42ab-9bd8-4b0074b09bae
2024-04-28T18:36:11.307,0.08,22.0,9fcc2bdd-82f8-4353-9ea7-a4e7de0c262d
2024-04-28T18:53:36.158,0.08,22.0,9d65aacc-c850-4596-8ca1-cba093e47cbd
2024-04-28T21:07:58.602,0.08,22.0,c40a845d-b37a-431a-b022-3d56e8d8d5b9
2024-04-28T21:27:52.564,0.08,22.0,d123bd51-341a-4666-a5a7-555a9afdd95d
2024-04-28T21:43:23.635,0.08,22.0,7c662af8-e052-4d6a-88d6-b21e71c80911
2024-04-28T22:16:19.236,0.08,22.0,d9f8c019-2aad-4bd0-9acd-54751884e85c
2024-04-28T22:33:07.743,0.08,22.0,1cfa78e0-37dc-439c-bd7b-bba5ee87b57d
2024-04-29T09:06:07.814,0.08,22.0,da131e1a-a755-4be6-b958-67d846ceae95
2024-04-29T09:27:36.834,0.08,22.0,a8afe64a-79cb-4603-a5a1-f08bda9dc37b
2024-04-29T11:48:20.189,0.08,22.0,d1fee924-b8c6-4721-b8dd-f28f9ea4c724
2024-04-29T12:10:37.396,0.07,22.0,fab37fe0-673c-4ad2-8075-818ca51d806f
2024-04-29T13:16:47.851,0.08,22.0,de15f48f-e0e7-4309-be39-75748dc270ef
2024-04-29T13:29:43.435,0.08,22.0,2b4cd85c-9fed-4725-b106-837b0115f814
2024-04-29T13:46:30.678,0.08,22.0,6b4af214-afd9-4077-939c-49a45caf1736
2024-04-29T15:28:06.289,0.08,22.0,ce9d0010-fdfe-4dc0-bbf7-0fbc458b0af9
2024-04-29T16:44:52.036,0.08,22.0,612d950f-d799-4a52-ad9c-ae457640d448
2024-04-29T18:04:56.475,0.08,22.0,42ee757c-b664-446c-a86a-c8fa0fdaef4b
2024-04-29T18:22:39.177,0.08,22.0,d108d124-2ad1-4785-a859-95c2cd1fbf52
2024-04-29T18:52:35.04,0.08,22.0,d895a738-ce13-4c23-92d6-b66dc4ad8413
2024-04-29T21:09:45.826,0.07,22.0,83591da4-d34e-4a7d-98e2-f778fbdbd349
2024-04-29T21:34:33.214,0.08,22.0,c8928cc8-f074-461f-92c4-5ad1ce68cf2d
2024-04-29T21:53:38.909,0.08,22.0,e1c473da-ac4d-408d-9b1b-fcf67ca22a28
2024-04-29T22:52:02.343,0.08,22.0,97ff3fda-e986-40ac-8839-0f5c8985132e
2024-04-30T08:55:24.398,0.08,22.0,a4acc663-b57a-4e08-8629-929085fef675
2024-04-30T09:04:21.833,0.08,22.0,2d03b810-81b1-4068-a76b-7549954f6e3c
2024-04-30T11:24:16.041,0.08,22.0,8ae59329-b5d4-4115-91af-5ae29fccf836
2024-04-30T11:40:42.985,0.08,22.0,5e44bd07-322e-4e6d-9558-ed92170e877b
2024-04-30T12:05:58.525,0.08,22.0,24f857ac-fa5a-4b1a-aa28-1c541083674e
2024-04-30T13:45:05.583,0.08,22.0,a5fee026-e802-448e-abfc-217ae410a475
2024-04-30T15:06:55.054,0.08,22.0,086d8808-c322-4685-84ea-19523ac01637
2024-04-30T15:13:04.704,0.08,22.0,124f7c49-7b16-47cc-b21e-b1ab7619c225
2024-04-30T15:22:48.558,0.08,22.0,a9426819-5811-43e7-aa0f-6f35bccc57c4
2024-04-30T16:44:33.083,0.08,22.0,52e49911-fdbf-419a-9ee9-3c96fb33e82f
2024-04-30T19:06:52.297,0.08,22.0,0c0ef197-33e5-41a0-a158-941c4febd759
2024-04-30T19:18:34.223,0.08,22.0,0319e310-1757-4ced-bb56-43cafec52cc3
2024-04-30T19:37:48.366,0.08,22.0,73f13656-e315-468f-9e70-6e27016d980d
2024-04-30T20:51:47.353,0.08,22.0,624a9a5d-f251-41be-af1d-3efef053a063
2024-04-30T20:51:50.443,0.08,22.0,bd3b778a-409a-46d2-98d4-bc68954dbbd0
2024-04-30T21:08:50.449,0.08,22.0,1422e630-8813-48a9-8fe3-842e8d9a31ca
2024-04-30T22:16:24.307,0.08,22.0,14bd34d6-7448-42aa-83ad-d61b15003b8c
2024-04-30T22:34:46.548,0.08,22.0,d5eccc8c-b83c-4159-9d6d-b28657ecda20
2024-04-30T22:49:16.984,0.08,22.0,c2c81051-98fd-4e0d-9da4-d914d2f3a0f3
2024-05-01T09:39:02.365,0.08,22.0,b3267e0b-03b6-4245-b5f1-4891a1a8552b
2024-05-01T10:07:44.286,0.08,22.0,10fa691d-1aaa-4bd3-ab34-f4e812a422e3
2024-05-01T10:17:44.499,0.08,22.0,423fe95f-12c2-4645-bb00-5bbdfd4aef48
2024-05-01T12:05:46.673,0.08,22.0,47fd0e42-74fb-4587-9fa3-d6141a4558f9
2024-05-01T12:23:04.716,0.08,22.0,0db8b866-bc33-4624-a0a1-ce151400c29d
2024-05-01T12:36:32.781,0.08,22.0,9447683c-8047-4e3f-a8fa-f405b8fcf2ed
2024-05-01T13:05:57.203,0.08,22.0,6b942685-7778-4965-aa1a-2aa682f13c27
2024-05-01T14:27:38.045,0.08,22.0,51511140-ff52-48c2-8154-f7cfd8b55c03
2024-05-01T14:44:58.683,0.08,22.0,83d58a81-f2c1-49df-b230-163742f30a45
2024-05-01T15:20:05.841,0.08,22.0,3f960808-4132-4113-856c-5b8f9c8e05b0
2024-05-01T16:39:11.961,0.08,22.0,0d3d824f-f02c-4d90-9881-29cafd9c76ac
2024-05-01T17:06:33.55,0.08,22.0,7a6c7338-d87b-4abb-a805-f4066222401f
2024-05-01T17:27:06.265,0.07,22.0,76ef7f9e-c35c-4bbc-9f38-10d69dce75a1
2024-05-01T18:42:57.183,0.08,22.0,92ce49e1-3a7b-4ff7-8200-a260badfae3e
2024-05-01T19:02:58.746,0.08,22.0,b5dc7c0a-24fa-44af-ba56-69f5d283d64f
2024-05-01T20:45:12.986,0.08,22.0,15650d7a-5344-47e5-90e0-e6fc6b6a2e3c
2024-05-01T20:58:01.552,0.08,22.0,d1a1d5d3-cfa2-432d-8f18-79381f09a37a
2024-05-01T21:15:53.544,0.08,22.0,7fd1c298-64f8-4b42-916d-4ad3392224a7
2024-05-01T22:05:57.557,0.08,22.0,ca6d07d0-ad74-469f-9b34-330c66b50f39
2024-05-01T22:19:54.693,0.08,22.0,53193ef2-678e-4f75-a6ea-e34031fefe85
2024-05-01T23:36:55.832,0.08,22.0,7b0301bb-e0db-4a3e-9cc1-feb885934f4b
2024-05-02T08:43:36.454,0.08,22.0,2b9b35b3-b0fd-4957-8ae5-6354afa9b237
2024-05-02T08:57:47.196,0.08,22.0,2423629f-5409-4f1c-a3bd-af37bcc3f60f
2024-05-02T11:35:31.901,0.08,22.0,6f09dfb4-20a7-4b42-b02c-6d2a920174f1
2024-05-02T11:49:30.584,0.08,22.0,2fbb578d-3103-4112-bbbb-05ec38be6f7d
2024-05-02T12:23:46.727,0.08,22.0,c9c1a144-190f-4c64-9718-acd2b55df1bc
2024-05-02T12:57:39.113,0.08,22.0,8034e231-199f-423e-ad3c-192aed4f8575
2024-05-02T13:52:58.753,0.08,22.0,bd2ee1d2-3bff-4d8a-8314-8f3a19db7fc0
2024-05-02T14:07:00.573,0.08,22.0,af8b42e4-6a05-4b8f-965e-1a983f0ce3d4
2024-05-02T15:14:24.692,0.08,22.0,87e242d9-67bc-4a50-8e70-77e3aa72c63f
2024-05-02T15:31:23.039,0.08,22.0,849fe366-1e6b-451e-ab5e-c27082624717
2024-05-02T16:57:42.238,0.08,22.0,381771d1-89b8-437b-b326-12a2e8e67867
2024-05-02T18:17:14.519,0.08,22.0,b0db403a-431e-4692-b433-1439316f9c8a
2024-05-02T18:30:16.143,0.08,22.0,17bf4a6d-e490-4d0f-a4de-e0e9257f369e
2024-05-02T20:52:50.93,0.08,22.0,3964985e-2cc7-42aa-a76f-ae81cd275a6c
2024-05-02T21:08:27,0.08,22.0,5693817a-b936-44c1-84ad-0f378be56820
2024-05-02T21:34:31.51,0.08,22.0,d29ba159-2c03-4a09-9e6a-2ce1b0ad0e0c
2024-05-02T22:44:02.207,0.08,22.0,99e7c804-da44-47cf-a081-7861e48906cc
2024-05-02T23:05:26.382,0.08,22.0,eac83996-2b36-4a18-8554-5fafcfe13208
2024-05-03T08:52:02.568,0.08,22.0,a9ef64d8-24c7-487f-b68c-0c918e4db02d
2024-05-03T09:02:09.167,0.08,22.0,29cbe59f-e56f-4572-8b50-ee682be5c58a
2024-05-03T09:13:11.373,0.08,22.0,41043e06-e88c-46d6-912b-d601e7575de8
2024-05-03T11:56:50.302,0.08,22.0,44c78f2e-9a48-420f-90e0-00d9d2868d49
2024-05-03T12:16:32.565,0.08,22.0,c2358773-1c2c-4e01-8f30-2ee56d8b60d1
2024-05-03T13:49:54.123,0.08,22.0,3216974f-00d7-4dbd-a7a5-765fb4bcc3db
2024-05-03T14:10:52.018,0.08,22.0,74760ce0-0451-4de4-8509-082f6f8e9cdb
2024-05-03T16:41:17.263,0.07,22.0,fff4a3e5-e6e4-4ede-b501-021d09aef94d
2024-05-03T16:59:10.793,0.08,22.0,831ab952-0e77-44af-80b0-023a27ef5cd3
2024-05-03T17:18:32.311,0.08,22.0,6192c58a-4927-47b1-b9f8-2e954fb49680
2024-05-03T19:04:46.082,0.08,22.0,3a3bb8ec-c47a-4bad-b2bc-7bd63d4f4e24
2024-05-03T21:13:36.732,0.08,22.0,ceb4bc65-bd9b-4007-8e4a-85792df6c2d5
2024-05-03T21:31:50.163,0.08,22.0,8ee16d09-a5f3-43ea-8f73-c06d276ca481
2024-05-03T21:46:33.159,0.06,22.0,88163db0-7b09-41bf-97bb-763553759573
2024-05-03T22:34:57.841,0.1,22.0,dd30fc04-807d-46d3-b9b4-ca8d35078654
2024-05-03T23:21:00.364,0.1,22.0,4e17e58c-10cd-46a1-8255-6ee252205bf6
2024-05-03T23:36:00.336,0.08,22.0,be84488c-c3a1-445a-ae0c-d76894fce319
2024-05-04T00:19:32.726,0.1,22.0,bbe7cd2c-42d9-4a9e-a9d9-b4e8628e4c55
2024-05-04T00:47:56.776,0.1,22.0,ff6de0ad-b0ff-4973-968b-aeb52ad9a7c5
2024-05-04T09:43:10.976,0.08,22.0,9f53830c-337a-4b88-a1ee-3a9b8522da14
2024-05-04T10:02:26.438,0.08,22.0,62f02f04-95e8-4f48-8360-2c5cff6593c0
2024-05-04T10:17:53.762,0.08,22.0,3012e7a6-8a68-4e97-abc4-a0e62dcffdbe
2024-05-04T11:20:13.101,0.08,22.0,4915a158-398d-460c-95b4-9020879e0d43
2024-05-04T11:38:49.535,0.07,22.0,6d2858e5-521a-4eb9-a78e-cb2e40a52cfc
2024-05-04T12:00:21.303,0.08,22.0,f38d1cab-633e-4e95-9d19-f24f3e66ce2d
2024-05-04T12:27:32.645,0.08,22.0,ba34bdad-ac7b-45e9-b5f8-5503e18742e8
2024-05-04T12:41:11.302,0.08,22.0,4d5afd4a-02a5-45bc-8683-3f3dfb3a4268
2024-05-04T14:01:56.323,0.1,22.0,0916e7df-d168-4464-b917-abfef08da06c
2024-05-04T14:37:34.055,0.1,22.0,01738749-ba02-4730-8578-2f4aab8962a0
2024-05-04T15:23:38.736,0.08,22.0,c376329f-1965-4d44-9e20-ae4c1fcd3c33
2024-05-04T15:36:19.758,0.08,22.0,13e284d5-8ea2-4190-9fac-62a71c22001f
2024-05-04T19:13:21.334,0.1,22.0,667855bf-77a6-42db-bab2-2c00071b0162
2024-05-04T20:44:28.995,0.1,22.0,e1d9e670-d14c-4994-b0d5-87365cd56184
2024-05-04T23:01:10.519,0.1,22.0,9842b4b4-9b1a-45b2-84e0-53fcc1b3e81e
2024-05-04T23:01:21.107,0.1,22.0,d19268c3-a5eb-45be-baf0-9819d5eb887d
2024-05-05T01:00:08.526,0.1,22.0,8876e222-9df7-4d0e-b26b-8a3d01e61982
2024-05-05T00:30:00,0.1,22.0,f9414323-5f1f-4866-854b-97d443ee3de1
2024-05-05T11:11:35.461,0.08,22.0,7bf2f065-2d5e-4ab5-b41a-35eb161711e1
2024-05-05T12:04:14.744,0.08,22.0,07b648ac-979f-49cd-9f21-f084420ecd49
2024-05-05T12:13:43.737,0.08,22.0,2b1e4777-7e4e-46dc-a559-9c06c0166f3a
2024-05-05T13:12:29.024,0.1,22.0,917c507d-288c-48c4-ad5f-dfd05e1040c7
2024-05-05T13:35:23.719,0.1,22.0,327d552f-015e-4fb1-8543-5e413442cae8
2024-05-05T14:19:34.831,0.1,22.0,e695b7a4-6c3f-4012-8537-cf6551cc3531
2024-05-05T16:56:44.146,0.08,22.0,d9ae4cfe-bc41-4a29-85de-5fd6d4e35c43
2024-05-05T17:22:24.667,0.1,22.0,1ce7bcef-acac-46c9-a593-18088420d547
2024-05-05T18:43:37.148,0.1,22.0,13b31c4e-5e5d-4085-ba65-a4da58ae9e77
2024-05-05T20:18:00,0.08,22.0,828419e9-f51d-44ac-9005-5f11c21b9817
2024-05-05T19:39:06.233,0.1,22.0,6d62be5a-d056-4c1f-b4bd-7b45b657c878
2024-05-05T21:08:38.174,0.08,22.0,5fe343d0-e44d-43fb-a73c-e5b3e4a65223
2024-05-05T22:26:44.287,0.08,22.0,c9a52a20-1412-4885-98c1-076f06d32406
2024-05-05T23:32:04.22,0.08,22.0,c91e1376-b3aa-4dde-bd4b-61975ca733c5
2024-05-06T11:08:38.133,0.07,22.0,419a542f-0f55-4990-8b2f-d1f4a743bf4a
2024-05-06T11:58:15.089,0.08,22.0,9f1913ea-e99a-4659-9230-b832e2cbf64e
2024-05-06T12:17:36.423,0.08,22.0,b8bf282d-b077-4dd5-b2da-69b2c14e15b5
2024-05-06T12:35:12.739,0.08,22.0,32a93c63-1d01-4acd-b7e2-000f2924618f
2024-05-06T13:38:55.854,0.07,22.0,a6f637f8-f035-4767-b84e-10a6b917d40f
2024-05-06T18:10:51.25,0.08,22.0,9ebe549d-f5a4-4af6-af9a-255435d8504e
2024-05-06T18:32:02.741,0.08,22.0,aa6d8675-37b9-4801-a2a3-dacb6bd75bfe
2024-05-06T18:56:27.197,0.08,22.0,92f247dd-c940-4a52-8908-ad23dbb171b6
2024-05-06T19:28:15.956,0.08,22.0,09e53c49-4089-4d71-a38a-92a1eaf11d46
2024-05-06T21:43:39.587,0.07,22.0,cef2278d-9454-4abd-b8fe-52ca527e1400
2024-05-06T22:36:49.834,0.08,22.0,a985c584-a454-4098-be12-b929af81e1b6
2024-05-06T22:52:13.268,0.08,22.0,803bf881-0448-4310-af21-465f4fbc7901
2024-05-07T09:06:30.228,0.08,22.0,596587ed-a5ef-4ef7-bd60-b70d1919e3e8
2024-05-07T11:49:55.085,0.08,22.0,40b93e00-d38e-4706-9622-8d136244daed
2024-05-07T12:04:38.684,0.08,22.0,618447dd-c799-4532-adca-7436a402fcfe
2024-05-07T13:06:48.69,0.08,22.0,18da1573-e0bb-4b7e-8941-ccd17fe19991
2024-05-07T15:03:42.519,0.08,22.0,6db84b03-3a3f-401d-8226-a3b6901e10fc
2024-05-07T15:18:19.217,0.08,22.0,910edbbe-d3a7-4954-b894-3238bde96ad1
2024-05-07T16:28:10.338,0.08,22.0,4304c37e-a8a8-4345-844b-43da015cbef4
2024-05-07T17:36:58.147,0.08,22.0,d06b79d8-62c7-40b1-b59a-8dc31b269ed0
2024-05-07T18:15:19.386,0.08,22.0,09d158bc-61b2-407e-b0b6-01ce7ad722e1
2024-05-07T18:47:42.496,0.08,22.0,a877d1f5-81f5-41d0-bcf0-0b0e57f54c1a
2024-05-07T21:11:57.584,0.1,22.0,33c3025b-028b-4722-9cfa-6f86a894a577
2024-05-07T21:39:08.373,0.1,22.0,bd5f8d0e-f505-481c-a244-13084cbafb08
2024-05-07T22:26:35.313,0.1,22.0,691ca009-a046-43cd-8c0b-dd22996066ed
2024-05-08T00:01:38.514,0.1,22.0,1afcbc53-0793-4cdc-b859-80550e1fde51
2024-05-08T00:38:32.297,0.1,22.0,03396e1a-d02a-4b87-a0b4-f0556712ded6
2024-05-08T09:34:22.294,0.3,22.0,3c5df6d9-53e1-4ba2-addf-52ec4a0fe1e6
2024-05-08T10:32:07.903,0.3,22.0,9d3a4e41-85f6-446b-9e39-f933d5106c8f
2024-05-08T12:41:00.883,0.15,22.0,780bd3b1-4253-4c00-a4a3-6df0330bd912
2024-05-08T14:22:32.713,0.1,22.0,4149bd11-7724-4bf4-b84a-ff5702f585cb
2024-05-08T15:30:48.238,0.1,22.0,cff49009-82e6-4bca-ad84-a27fcff3ae20
2024-05-08T16:29:23.012,0.1,22.0,e61059b9-f2b9-4003-a2b1-0669f8341036
2024-05-08T18:01:00,0.1,22.0,9afb9c81-00c3-4de4-9ad9-3893e96e2036
2024-05-08T18:27:46.544,0.2,22.0,8290e6b5-d1b7-4e93-a2d7-86e5864ba78a
2024-05-08T19:06:32.622,0.1,22.0,7016fac0-902d-407d-8138-5604e178547f
2024-05-08T19:53:56.539,0.1,22.0,265bd7bc-bd39-4ece-8cd6-95dbd9e4aec2
2024-05-08T21:03:59.676,0.1,22.0,2a95fe5a-49c2-472f-a18f-39d1135db69b
2024-05-08T21:53:15.625,0.1,22.0,9dc36fb4-3a5f-406e-941f-82907c29b8b5
2024-05-08T22:45:27.803,0.1,22.0,9b40c987-b9d3-4ec1-901e-c5c20af89805
2024-05-09T09:41:37.133,0.2,22.0,5677845a-432e-4d2a-a613-d4c98a9da146
2024-05-09T11:42:52.116,0.1,22.0,b62d244e-b628-4924-86b8-2b20d5c21bd4
2024-05-09T12:48:55.642,0.1,22.0,6bd3efb8-f9ae-4358-89a0-6f7792f56532
2024-05-09T13:34:58.057,0.1,22.0,3c5dde7b-8a1e-4c6d-b0e6-f31a19710c14
2024-05-09T18:17:31.836,0.08,22.0,4447e2dc-0833-4a70-a9d6-a92856e1e412
2024-05-09T18:31:48.827,0.08,22.0,c24af8b9-da35-4f88-95bc-008d7f00eb8f
2024-05-09T19:26:46.146,0.08,22.0,24d08ced-a848-4724-b53b-7953b77dba42
2024-05-09T22:04:23.856,0.08,22.0,34a17f24-e382-436c-be8a-a108730071b6
2024-05-10T00:05:00.419,0.08,22.0,6b7a1544-1655-464a-848d-acc0d5852ae6
2024-05-10T09:39:05.326,0.08,22.0,cf8519d2-4ac8-411f-a821-eb550e8df97e
2024-05-10T09:59:25.098,0.08,22.0,7c9d4185-2707-4ef0-8907-91e39af80769
2024-05-10T11:49:20.578,0.08,22.0,2cee8e17-6ea6-4328-a2e4-78581e2423df
2024-05-10T12:09:45.27,0.08,22.0,3efac537-955b-450c-9271-9e70f8c4e0ce
2024-05-10T14:13:58.683,0.08,22.0,9093c015-d08b-41c5-8b1b-f045025a3ab4
2024-05-10T15:26:13.382,0.08,22.0,e76e99c4-5d38-4a88-abc3-341ad6d4c672
2024-05-10T15:44:04.724,0.08,22.0,255011d5-7464-403b-bcbd-60f91ab8a4ea
2024-05-10T18:18:54.516,0.08,22.0,c564a693-111d-4cca-bb14-36e8387b6f38
2024-05-10T18:58:00.392,0.08,22.0,d3c5c34c-65bd-4b31-8680-4132815b878c
2024-05-10T19:48:57.334,0.08,22.0,9e1fad07-73f9-4e81-9d26-5aab3a98d291
2024-05-10T23:06:40.569,0.2,22.0,68c4f18f-9dcd-4593-acf4-896633d68a9f
2024-05-10T23:47:54.46,0.1,22.0,ce87c0d3-1ce9-45a8-b88b-2d0187495d22
2024-05-11T01:03:33.853,0.1,22.0,eeea7146-94a4-4047-99f9-fe2d69a50a24
2024-05-11T11:34:28.127,0.08,22.0,d464fa46-4cce-40ff-b9c5-9a1dd1b9bbdd
2024-05-11T13:19:30.863,0.1,22.0,e1be253b-8934-4e27-ae1f-34bcf1cce40e
2024-05-11T14:09:42.268,0.1,22.0,c3191cb2-1417-4ca5-b6c8-78d7c163e19f
2024-05-11T16:40:42.992,0.08,22.0,35d8de83-9d5a-4769-a08a-4189a634ac3d
2024-05-11T19:03:45.385,0.1,22.0,180e529c-f803-450c-a5da-26744f4aec4a
2024-05-11T18:00:00,0.1,22.0,9b3d2845-5364-411f-866a-384e742f5472
2024-05-11T20:35:26.035,0.1,22.0,f2ca876d-f72b-4549-aa1d-54b00ea654f7
2024-05-11T22:08:08.342,0.08,22.0,3500f1df-1358-4424-a185-4fca36d97d91
2024-05-11T23:14:12.066,0.08,22.0,3f4eb7f3-bc02-4a62-ac59-331373edf071
2024-05-12T09:40:54.263,0.08,22.0,b9c34c3a-171d-4313-a274-179317e6fdd4
2024-05-12T11:17:28.721,0.1,22.0,670c1f5c-4f0b-4374-a5cb-a1a1d03fd15a
2024-05-12T11:46:46.722,0.1,22.0,9dc3a225-8e2c-4127-81dc-34658e19c8c2
2024-05-12T16:55:16.049,0.08,22.0,2080e055-b52a-45aa-95d6-1b87f4c2e53e
2024-05-12T19:00:15.568,0.08,22.0,c8533452-4c6e-4de4-ad02-871098a8376a
2024-05-12T20:58:44.013,0.08,22.0,ed2dc553-7cd4-4dac-8618-ff53d5ea4ba2
2024-05-12T21:40:00,0.08,22.0,0f6db581-e961-46a9-9741-28c23603a1e1
2024-05-12T22:56:00,0.08,22.0,2392298f-efe2-4fe1-aa77-397a9436c163
2024-05-13T08:25:34.509,0.08,22.0,8c81e60a-a0e7-4ec9-81f5-866319602922
2024-05-13T11:15:08.628,0.08,22.0,204bc088-8ca0-4473-9390-f7a2a06d5833
2024-05-13T12:27:55.929,0.08,22.0,08db6a52-17cd-4ea7-8f5e-fb6b01411d90
2024-05-13T12:54:53.101,0.08,22.0,ffec2745-f3b6-4c54-831b-f4b50d1f761a
2024-05-13T13:30:59.601,0.08,22.0,ac0b81c6-7d7b-4493-9275-93d5b46d6186
2024-05-13T15:26:35.776,0.08,22.0,e174250b-6991-4739-a4d3-257522d905ea
2024-05-13T15:51:49.281,0.08,22.0,6402a942-c0f8-409b-84d7-429610dcf2e7
2024-05-13T18:25:00,0.08,22.0,88448d8f-73b1-488d-9a8b-aed5a111bb4a
2024-05-13T20:02:05.276,0.08,22.0,3d2ee6a0-4605-4ee3-a230-030aed57ed51
2024-05-13T21:25:02.206,0.08,22.0,8ba02e05-1b4e-4cd1-a385-1d56ec7fface
2024-05-13T22:05:52.429,0.08,22.0,b49ea4f5-6b1b-4373-b1ad-5f67b71cc28e
2024-05-13T23:27:18.111,0.08,22.0,76696d37-745f-4749-8d50-1dd5f750260c
2024-05-13T23:43:58.751,0.08,22.0,f37245f8-9f48-43dd-8b8c-6cf4dbc73fa7
2024-05-14T10:12:26.705,0.08,22.0,6714ac1c-6d84-47dd-b29b-6c79b3738782
2024-05-14T10:41:05.257,0.08,22.0,28f29cce-2cf6-4b5f-af9e-ce32dd46c775
2024-05-14T12:15:01.265,0.08,22.0,5a461101-2d28-4140-a4af-7a0ca504c6d3
2024-05-14T12:36:57.012,0.08,22.0,996d308c-d055-4dd0-8032-24da235affb3
2024-05-14T13:14:35.753,0.08,22.0,19e2cfe5-3f3c-49ea-89b4-27cf63a3536c
2024-05-14T16:02:32.759,0.08,22.0,29ea1031-959a-4175-97e2-f0df868a976d
2024-05-14T17:15:17.885,0.08,22.0,6eedb99e-cdae-4250-9d0d-1f7452d83733
2024-05-14T17:33:54.188,0.08,22.0,e3d6af0d-046f-408b-838e-1bb3031715a5
2024-05-14T18:33:31.989,0.08,22.0,681a6348-155b-445d-a45d-75fb8eb9a40d
2024-05-14T19:35:52.959,0.08,22.0,db479752-6a71-4c4c-81cb-9a697e42cf97
2024-05-14T21:47:57.974,0.08,22.0,40d35f47-a2a9-4b02-86b4-ce2b5b6c698f
2024-05-14T23:53:47.064,0.08,22.0,574eda00-0aed-4f71-ab7e-533a20497a6d
2024-05-15T00:05:58.95,0.08,22.0,26b39ed2-f9e4-47c9-b7e8-d8e4e4bf9083
2024-05-15T00:19:03.442,0.08,22.0,7c4ec3f2-91de-4c8b-bd5a-f09af015382f
2024-05-15T09:54:03.18,0.08,22.0,19206292-9e01-45c5-827f-e901fc451000
2024-05-15T10:31:57.785,0.08,22.0,81a76de5-36ce-47ec-813b-baaa07724355
2024-05-15T10:42:05,0.08,22.0,c846bc4c-f36e-427f-85e3-6a3130b7fd9b
2024-05-15T11:59:35.569,0.08,22.0,6d25a548-f7ca-4f25-9bd3-ba1223f3d88a
2024-05-15T16:51:02.259,0.08,22.0,3706db34-4bf4-4785-b9f9-d13fef848bc9
2024-05-15T17:08:07.329,0.08,22.0,9c81a036-3e0e-44c2-8c91-f8bd74cf955e
2024-05-15T18:10:29.35,0.08,22.0,77054bba-ef07-4b17-991f-ee1737a36139
2024-05-15T20:08:01.482,0.08,22.0,fddc2cb5-0ac3-46b4-8604-74b086f0cb4a
2024-05-15T20:41:20.426,0.08,22.0,a799028b-034e-4628-a616-34876dbaa0ec
2024-05-15T22:04:58.951,0.08,22.0,4af695c5-8303-4e7e-b527-5d0c13c33587
2024-05-15T22:48:52.767,0.08,22.0,a1920442-6145-4f88-a7f1-2219dd318b16
2024-05-16T09:24:52.829,0.08,22.0,bd4d9145-efd0-42e3-89d8-aeac9f9c4089
2024-05-16T09:42:10.321,0.08,22.0,8f53465d-9ea8-4ed6-87bc-1ef4ac8f5008
2024-05-16T11:08:57.998,0.08,22.0,5666ce68-7553-420c-947b-a1a82af90a84
2024-05-16T11:30:07.386,0.08,22.0,60e14aa9-9c31-49f3-8367-ed4b3ba221fe
2024-05-16T13:06:50.581,0.08,22.0,5ceb9be9-033a-4373-a0d1-5e39e38e6c30
2024-05-16T13:20:14.684,0.08,22.0,b1ff55c3-c365-41e6-9faa-8ebc94d4e9b5
2024-05-16T14:59:28.879,0.1,22.0,f9d3fc6f-81a5-40f7-b2a1-bfa571ad4fa4
2024-05-16T15:48:13.116,0.1,22.0,eaace975-65eb-4c28-9220-d63b9c51fa0e
2024-05-16T18:03:25.39,0.1,22.0,626cafb3-6acf-4a1b-b88b-a110ebb6beb6
2024-05-16T19:07:21.101,0.1,22.0,2a4ec191-8a54-45e3-92f1-f4d20ee4f8a4
2024-05-16T19:36:21.43,0.1,22.0,f2d774c2-afa7-4a38-9024-aeb0e481849d
2024-05-16T20:31:06.709,0.1,22.0,cb4060d6-2167-4292-b847-39c03638bfe0
2024-05-16T21:44:13.96,0.1,22.0,fe614bcb-d129-49be-ad4a-2c4921cc2f9c
2024-05-16T22:24:24.465,0.1,22.0,1748276b-ed35-4c26-a7c1-d8008504094b
2024-05-16T23:59:41.222,0.1,22.0,7cacf6fb-6432-4ee3-9f6b-7bd163a7a376
2024-05-17T00:40:43.491,0.1,22.0,41cae033-5a13-4905-8c35-d6eab0c8c3d6
2024-05-17T01:24:21.704,0.1,22.0,07dfbb60-f530-4bba-97a2-bd0f0bee86e9
2024-05-17T10:06:44.813,0.15,22.0,c7b8dd34-c7ac-4966-b6d4-2630f29d4fb5
2024-05-17T11:29:06.571,0.15,22.0,77f8825f-9bcd-469e-a0d7-f0dcb8ea23ec
2024-05-17T12:31:18.295,0.1,22.0,8e9e9bbe-3123-4166-b854-de327be8950e
2024-05-17T14:04:30.671,0.15,22.0,79491874-a4df-453c-a8de-830cfceef832
2024-05-17T15:01:28.941,0.1,22.0,bda72527-fb0c-4f85-8504-5e8b60d3ac35
2024-05-17T16:51:18.971,0.1,22.0,a461401f-9d21-4887-923e-a9f69d9c47da
2024-05-17T18:29:14.471,0.1,22.0,06c7cc70-f9ab-4589-802b-ef98364e45e5
2024-05-17T19:29:45.967,0.1,22.0,ad697bcd-32b8-46f4-9772-cd18b0938eca
2024-05-17T20:33:19.674,0.1,22.0,17bab23b-d162-4ee6-9a17-16653d72579d
2024-05-17T21:37:36.194,0.1,22.0,556775d1-3e75-4c74-b177-42d747381a72
2024-05-17T22:52:23.184,0.1,22.0,ff84d239-e59e-4f41-9de5-a4dca6a9b5b0
2024-05-17T23:57:11.409,0.1,22.0,cdd8f952-7668-49dc-b976-148a1963034e
2024-05-18T01:07:28.729,0.1,22.0,008cdcc2-13ea-4f08-839c-6ed77c67e7da
2024-05-18T10:16:37.252,0.08,22.0,6787f557-2eb6-49e0-8f27-ce7826477302
2024-05-18T11:00:51.612,0.08,22.0,9df8b00b-a874-4faf-bf69-cee093de6c10
2024-05-18T14:23:51.705,0.08,22.0,07479dda-538b-4e2f-b285-dc9bf4bbbde8
2024-05-18T14:58:27.248,0.08,22.0,51bae79c-f7ce-4ae8-9cf5-92bd812e94a3
2024-05-18T16:40:14.416,0.06,22.0,b70c0d7a-174d-4471-b94f-85adc717642a
2024-05-18T18:08:38.936,0.08,22.0,a338bb7a-eb31-40f6-9fa4-c55a63183090
2024-05-18T19:57:44.122,0.08,22.0,41f1bdf6-b93f-456c-b3f9-c7cb37b6f996
2024-05-18T20:16:14.722,0.08,22.0,926fedf7-8630-447a-980a-352d6fdec993
2024-05-18T22:46:18.71,0.08,22.0,19bb74fd-3281-4b76-a69b-d95ee8b46940
2024-05-19T09:48:34.942,0.08,22.0,a0874569-30fe-49b9-bee0-cbd7e23a01a4
2024-05-19T10:31:37.12,0.08,22.0,b89c78a5-60cb-4c89-93fc-847a534b92a1
2024-05-19T11:21:07.305,0.08,22.0,769465a9-3fa4-430e-ad20-8ac413afcc94
2024-05-19T12:06:54.267,0.08,22.0,bd94f387-90d5-41be-bed6-fafc450f956d
2024-05-19T12:29:40.734,0.08,22.0,2b7e1562-4b9c-4167-a835-51bf9cf12e5e
2024-05-19T16:17:00,0.08,22.0,da429b4f-4e6a-4ac6-8635-20ab27c3055e
2024-05-19T17:05:51.276,0.08,22.0,2fd23bfe-dea0-47ac-9f4d-c0db1c5b5739
2024-05-19T18:43:02.386,0.08,22.0,d70e68fa-4aa0-4fb2-a3e6-512f5cc0d438
2024-05-19T20:19:09.322,0.08,22.0,b0d3a7ee-adc2-4a1f-a654-6ecbc0a973ec
2024-05-19T22:57:24.943,0.08,22.0,fc62c417-c3dc-4cbe-a920-51670aba27ad
2024-05-19T23:25:05.585,0.08,22.0,af3ffcf9-59e1-45cc-ab64-3a03ce46a8b9
2024-05-20T08:58:00.035,0.08,22.0,a41f9498-2acd-418d-be02-d0285c1037e7
2024-05-20T09:33:19.162,0.08,22.0,6eacd2ef-3d9f-4232-b11a-5988bff3155a
2024-05-20T10:02:48.397,0.08,22.0,6a8ec438-c59d-4879-a504-9e155bc87a68
2024-05-20T12:34:37.992,0.08,22.0,e52ab555-eb38-463d-8aae-685346e77d7b
2024-05-20T13:31:57.514,0.08,22.0,b9e26f24-e3b7-4b9a-bf2d-12f6a82dce9b
2024-05-20T13:47:43.949,0.08,22.0,b69142fe-e194-4c72-a571-b698a76a4ee9
2024-05-20T16:11:00.862,0.08,22.0,843eda52-2a62-466d-bf5d-dd9c72b9b305
2024-05-20T16:41:17.43,0.08,22.0,87f7571a-2381-4288-8094-5c90a6940bd8
2024-05-20T18:53:01.556,0.08,22.0,88b49dc9-a4e9-41f6-95a0-aef78cb7429c
2024-05-20T20:20:40.041,0.08,22.0,83f0aa5b-d07e-47d5-bc9a-a6c590d35b13
2024-05-20T21:01:37.662,0.08,22.0,bde3c4bf-324b-4c07-9aa2-1d7e5b480027
2024-05-21T10:26:11.97,0.08,22.0,4d81fd02-3711-4ffe-ac93-3efb5bfb45b1
2024-05-21T11:36:22.982,0.08,22.0,933165f2-4aca-4fcb-b49d-e81a015f27ac
2024-05-21T12:42:08.452,0.08,22.0,fbda6896-facd-4de3-b57f-5216a66272ce
2024-05-21T13:09:06.757,0.08,22.0,268d169e-c376-4380-8f58-712add6b6d98
2024-05-21T16:30:06.118,0.07,22.0,84314bba-ffbb-4ea8-a1c1-494a71be2bde
2024-05-21T17:14:41.946,0.08,22.0,5ecb7b41-c752-48bc-9d96-00285bb27bf6
2024-05-21T19:18:00,0.08,22.0,37003e84-2452-4d59-8234-3523ba9b4aaa
2024-05-21T19:55:52.298,0.07,22.0,d5453fcd-a69d-42c4-b67c-8bff710a73ff
2024-05-21T22:26:00,0.08,22.0,14a6d455-a9d8-4a44-aa8b-f9889e03b657
2024-05-21T23:05:55.228,0.08,22.0,bc117d71-8959-4a29-b73b-9984daaf235b
2024-05-21T23:21:41.409,0.08,22.0,68587ffd-3cd2-46d6-8ee0-8e566271b857
2024-05-21T23:33:39.232,0.08,22.0,9ddee2f5-e4f8-46ab-bcaa-988e3263e918
2024-05-22T11:48:30.52,0.07,22.0,a92697a9-6fb5-4dff-b1a7-13a711cda834
2024-05-22T12:43:39.365,0.08,22.0,d71fb628-7807-4e7f-85de-841f209c3c85
2024-05-22T14:23:44.945,0.08,22.0,f6c6c0ab-d0b0-4131-b083-efb72911aa14
2024-05-22T15:24:49.089,0.08,22.0,34650dd3-9cc5-47ac-90c1-5427ba355efc
2024-05-22T16:24:12.824,0.08,22.0,51bfead7-0e2a-4ff7-b24c-99b4d8eda275
2024-05-22T17:08:18.542,0.08,22.0,b2f8fd44-320c-4f24-81ea-0402c3137677
2024-05-22T18:21:47.785,0.08,22.0,68b289c7-332c-4ee7-ae66-c306f0ee080d
2024-05-22T18:48:42.59,0.08,22.0,9818a29a-a1f0-487b-92ca-491babb90d1d
2024-05-22T19:51:28.399,0.08,22.0,d652e7fa-2b06-4e71-ae73-be4ec541ceea
2024-05-22T22:08:09.643,0.08,22.0,38bf98a7-6ba2-438f-9955-f034acd230a5
2024-05-22T22:26:16.889,0.08,22.0,417af2e4-d8f2-4d35-b6f4-beef4802c274
2024-05-22T23:02:17.717,0.08,22.0,011c02a8-2d58-4c16-acdb-2a561fef7e36
2024-05-23T09:42:25.975,0.08,22.0,38963c00-24f3-48a3-ba4d-bff58e6bcb6c
2024-05-23T10:09:46.435,0.08,22.0,5c50873c-85d4-4918-ab91-a122d6b358f6
2024-05-23T10:48:23.109,0.08,22.0,21b5e9e1-7dec-4c3e-a3ed-bc61d10af8a4
2024-05-23T11:57:10.318,0.08,22.0,a5d36c92-f581-4b32-90b8-ffcb2d3bf0f5
2024-05-23T12:35:50.364,0.08,22.0,2c1d3738-974f-4319-ab9b-0a04c55fe7dc
2024-05-23T16:17:00,0.08,22.0,a504a055-5bb9-4b9d-a0cc-e4648bf4dd3f
2024-05-23T18:25:16.023,0.08,22.0,ae11df15-5f0e-4766-9248-05822f0a0951
2024-05-23T18:48:39.358,0.08,22.0,72cda88f-669e-435f-9b51-4a65acb50e55
2024-05-23T19:53:33.039,0.08,22.0,c4c2d997-9217-4b9b-bcf3-18e845068dc5
2024-05-23T20:33:03.765,0.08,22.0,b2032ebc-debd-4495-8bd9-d3904046be62
2024-05-23T21:38:20.773,0.08,22.0,b69fe392-c74a-4e44-ab8e-73e6f1072fff
2024-05-23T21:58:25.281,0.08,22.0,5c191401-6ae7-46ce-85be-945cd2f7b2a3
2024-05-23T23:02:16.646,0.06,22.0,f81f971d-47a6-4d9a-a408-c28177d77779
2024-05-24T09:33:49.475,0.08,22.0,39456bcf-d00e-44ff-834a-78e41250a3b4
2024-05-24T09:56:21.776,0.08,22.0,ee84f0a8-9faa-4952-a1f9-fe4a33885ae9
2024-05-24T10:33:53.381,0.08,22.0,3a2647cf-d89c-4080-9e43-5550448a5489
2024-05-24T11:52:52.165,0.08,22.0,57db7855-012e-4b74-b0df-4dfd6bd730fe
2024-05-24T14:30:19.044,0.08,22.0,2329c671-23fd-405d-9f2c-d08d4fda27a8
2024-05-24T15:40:00,0.08,22.0,9feffcff-0cd7-41fc-af02-54106dad4b79
2024-05-24T16:02:26.016,0.08,22.0,ac3af6dc-a19c-4483-a376-e24239971e51
2024-05-24T16:22:01.64,0.08,22.0,5ab15249-2b3c-42cd-b40f-1bf429c0413a
2024-05-24T17:45:31.057,0.08,22.0,bc5aa889-4e2e-4198-a89d-dca874752b73
2024-05-24T18:52:31.366,0.08,22.0,23298637-b4c1-475a-ab04-f6b375576704
2024-05-24T20:18:04.106,0.08,22.0,1345df18-9ea3-4395-80b3-640d5c7a9f51
2024-05-24T22:04:05.708,0.08,22.0,8ddb9dfc-f709-4063-aa5d-5e2de7a2de7c
2024-05-24T22:47:15.473,0.1,22.0,c2d5c269-4e6b-4660-8ca0-118d1848e423
2024-05-24T23:24:38.282,0.1,22.0,19972eca-d922-4516-b878-e515a90817d7
2024-05-24T23:57:00.153,0.08,22.0,76cacd9e-c217-47de-9795-4f0785baa6cb
2024-05-25T09:01:23.669,0.08,22.0,c143225d-2ffd-40f2-a417-52d222c17dbe
2024-05-25T09:22:06.052,0.08,22.0,25ca7c40-acc5-49f8-b16c-27eb3a181007
2024-05-25T13:39:37.893,0.1,22.0,5253b178-ed30-4774-85b3-94ae5ff1bc0b
2024-05-25T14:26:57.488,0.1,22.0,36805cb3-039d-4712-9aff-d56e273d4593
2024-05-25T19:50:58.936,0.1,22.0,be31882a-3b68-4244-b547-0f3a4ee8851f
2024-05-25T20:22:25.811,0.1,22.0,793ed907-2357-4534-a5ca-04818f0eb4be
2024-05-25T20:42:29.717,0.1,22.0,c19069a1-41bc-4bc6-91fd-376dcd8c332c
2024-05-25T22:55:29.202,0.1,22.0,39a49e0b-f830-4b1a-822e-b227c5692b19
2024-05-25T23:26:42.547,0.1,22.0,455d71b1-10d3-466f-bdba-aa1bd69b256a
2024-05-26T00:02:36.808,0.1,22.0,5c9773b7-3486-46a3-b341-e5778cf2b58b
2024-05-26T13:18:01.004,0.1,22.0,e76b9e84-1e0a-42f7-a66b-c24949f259d1
2024-05-26T14:04:12.976,0.1,22.0,3821a33a-5b93-4607-bd20-b1a62ccd9e9c
2024-05-26T14:17:09.764,0.1,22.0,100b1fb0-a013-41ee-b264-719718fc3387
2024-05-26T15:49:58.679,0.1,22.0,55fa8ac5-5df4-4e3c-9247-6478e65f6cd5
2024-05-26T16:33:25.773,0.1,22.0,59540767-e2fe-42af-ab0a-b0b5f4535c73
2024-05-26T18:40:03.889,0.1,22.0,0ba4e5da-d665-4bed-961e-220d6b108165
2024-05-26T19:28:27.143,0.08,19.0,86b20df5-4265-46e6-841f-fdd6474b1ea6
2024-05-26T19:45:37.93,0.08,19.0,02fd618c-b2eb-4bf9-ac09-87787c7125c5
2024-05-26T21:11:40.247,0.08,19.0,e513bd8e-6340-407c-a4a3-693fb274e78e
2024-05-26T21:38:03.479,0.08,19.0,9efec07b-8799-47e1-9166-9896ac718b5f
2024-05-26T22:50:41.476,0.08,19.0,3d17d45b-0d54-4be8-bcaf-bd1c31714c21
2024-05-27T09:58:01.782,0.08,19.0,34103648-ad59-4b88-9ff9-608dca4fec85
2024-05-27T10:08:35.528,0.08,19.0,0114d324-e8d4-4c40-9f85-e54805245d09
2024-05-27T10:48:48.494,0.08,19.0,7e7c8a38-ba75-4532-a7d0-bf89104c5473
2024-05-27T14:10:25.66,0.08,19.0,e837f0c8-440f-4c35-b3d0-f10c6be399b4
2024-05-27T14:22:40.033,0.08,19.0,1173ae74-558c-4551-8c9a-5069f3ebe6a6
2024-05-27T15:17:19.091,0.08,19.0,33b05770-fa24-4d91-9afa-5b336160ea19
2024-05-27T16:50:36.05,0.06,19.0,a0c3b382-0f72-4b97-a918-67d8ddfe5013
2024-05-27T18:16:31.159,0.08,19.0,54e6943c-d77e-4db3-a27e-1a4dc7286071
2024-05-27T18:39:41.911,0.08,19.0,3f3e1a44-41ec-4f32-860b-b9d739cbd0d7
2024-05-27T18:53:31.634,0.08,19.0,bfd9d8e9-fd53-4de2-ab1d-29b55d08d88b
2024-05-27T21:26:29.942,0.06,19.0,6dee151a-6887-4a3e-bcc8-a3396c661821
2024-05-27T21:59:56.386,0.08,19.0,9f6b0b8a-e3cd-4834-83cb-c05788420615
2024-05-27T22:14:53.93,0.08,19.0,cbbe9b9d-808e-47d8-9499-af79b5af09f4
2024-05-27T22:40:14.992,0.08,19.0,428e7b65-b32e-40f2-a628-cae00775a866
2024-05-28T09:59:40.799,0.07,19.0,c7303a3c-28f9-45cd-b4a6-cee5c217e744
2024-05-28T11:49:44.653,0.08,19.0,3ea92fc6-19da-4bd9-aac5-b23cc7bf2594
2024-05-28T12:22:54.08,0.08,19.0,f2fd8926-0db1-4d80-b74c-c08d2806b36d
2024-05-28T13:12:32.176,0.08,19.0,1bc7e97c-89ec-4783-8635-46cf420fb72b
2024-05-28T16:35:35.833,0.06,19.0,13b56dc1-d626-4ac1-9433-ccbe28c62957
2024-05-28T17:39:28.509,0.08,19.0,2537d870-e9fd-4391-9d70-b270db9d75f0
2024-05-28T17:55:44.177,0.08,19.0,20cda76d-7a7b-4f04-9c76-7998e5b90c64
2024-05-28T18:11:12.301,0.08,19.0,9b627fa5-4f79-449a-b913-dfc69f851032
2024-05-28T20:18:36.295,0.08,19.0,987ed5a5-06e7-4c8c-8e0a-0ad58ab7c895
2024-05-28T20:45:02.126,0.08,19.0,38d50be3-81c3-4ef9-ad87-864fa581bad9
2024-05-28T21:40:20.875,0.08,19.0,4f550156-c7c6-423e-a855-af5d449feb95
2024-05-28T22:20:09.676,0.08,19.0,596fe07c-a331-4771-b59d-036823088481
2024-05-29T09:33:30.839,0.08,19.0,cd00fcca-4348-4194-b859-3944a963dbe4
2024-05-29T09:49:59.329,0.08,19.0,ffe13085-fcc0-40fc-9da6-c8823ab1e63f
2024-05-29T10:24:59.116,0.08,19.0,9d047737-b76b-45df-8a05-c58f965809b0
2024-05-29T11:06:03.158,0.08,19.0,7efd9acb-e191-4c7b-b01a-b8f00d493c1b
2024-05-29T11:29:00,0.07,19.0,ac3f27c2-ff7c-4a0f-a506-706d5521336d
2024-05-29T15:01:26.33,0.08,19.0,669a08cb-92e2-41af-89aa-9004b295508a
2024-05-29T15:24:49.645,0.08,19.0,1572ea6b-a6c5-4737-95e5-8111bddaea34
2024-05-29T16:03:01.795,0.08,19.0,0ec6d558-eb5d-44a8-bef6-74c4f67058fc
2024-05-29T16:23:29.919,0.08,19.0,c1b6e946-f411-4825-8d88-827962a4a5bb
2024-05-29T17:58:35.067,0.08,19.0,adc8ca41-741b-4e42-8564-aa914d5f43e1
2024-05-29T19:37:29.376,0.08,19.0,41577401-bdb4-48f5-9371-60e5b231c6dd
2024-05-29T19:59:45.436,0.08,19.0,998140b8-87df-4e4c-a0d1-d98ebd9a6bf8
2024-05-29T21:16:49.65,0.08,19.0,50fb4c70-9c55-4ff2-b500-0bd51bbbd8d6
2024-05-29T21:33:24.056,0.08,19.0,d222f495-995b-41d5-a83f-d3a9f7e58623
2024-05-29T21:51:20.626,0.08,19.0,2e1cb8e5-d43c-43fc-bb15-4c51c0eecb88
2024-05-29T22:55:00.414,0.08,19.0,d89b944f-7887-4235-a803-38419a720049
2024-05-30T09:52:47.908,0.08,19.0,aa8426cb-63d1-452c-9457-e3680cb4fcd1
2024-05-30T10:13:16.002,0.08,19.0,fe322ab7-4487-400e-b2c6-dcf290322e71
2024-05-30T10:31:24.431,0.08,19.0,49effc07-f795-41b3-a934-7a2acd99d1b1
2024-05-30T12:16:36.659,0.08,19.0,f6f0cccb-aa27-4ad3-a296-38241dcc9732
2024-05-30T12:49:49.401,0.06,19.0,5dedacd9-f271-448e-86da-5e60cccd8c40
2024-05-30T14:39:39.513,0.08,19.0,a7dd8dbd-d1e5-4647-9498-3b195db93397
2024-05-30T15:02:27.846,0.08,19.0,d65e86c6-7e6a-4af9-9346-ca9686b07969
2024-05-30T15:17:50.67,0.08,19.0,9a43b30a-df9c-408f-a433-77cc6d17ba1a
2024-05-30T17:17:29.639,0.08,19.0,e45b9819-62e9-41c8-9b90-c3fb8c3cceec
2024-05-30T17:30:50.443,0.08,19.0,6ece7efb-3b55-4493-ac33-67a6196b40b2
2024-05-30T18:23:41.898,0.08,19.0,2d4fd943-1d54-4f9b-a42b-1567b7d5bc6c
2024-05-30T18:37:10.659,0.08,19.0,b35c3ad3-6052-4714-a7eb-0f68050475e1
2024-05-30T19:29:00,0.08,19.0,267eecca-204e-4226-aa77-abeecc9ff6e8
2024-05-30T20:17:12.039,0.08,19.0,e55e0ebd-14f5-4a55-b977-b709a957e4f1
2024-05-30T20:48:47.861,0.07,19.0,1bd85fe1-7ed9-435d-a23a-6eee85cc23e0
2024-05-30T22:23:31.686,0.08,19.0,ef22fc8f-d2c6-4bf7-ace5-bbad0847456f
2024-05-30T22:58:40.895,0.08,19.0,56818f97-14ed-43a4-a41c-e0c763986b2a
2024-05-30T23:26:37.866,0.08,19.0,08884d1f-23a4-412b-8667-147928bd54ce
2024-05-31T00:00:15.435,0.08,19.0,ad1cf012-d611-405e-acb0-eba3065c4c7c
2024-05-31T10:09:04.394,0.08,19.0,17a09eb4-db5c-4283-902b-d213d373d9c5
2024-05-31T10:23:21.713,0.08,19.0,d105474b-9607-4e87-87b3-e31c659f77ff
2024-05-31T10:48:58.143,0.08,19.0,a23aa823-afb3-42ab-9b80-f1798387ba92
2024-05-31T11:32:30.45,0.08,19.0,05269b8c-a542-4cd6-9997-aa3776010a74
2024-05-31T12:29:00,0.08,19.0,f03c59b0-0342-4fd0-81f7-a5d215e50534
2024-05-31T12:51:42.557,0.08,19.0,d88583a3-8619-4d71-9011-10f82d47e593
2024-05-31T14:45:37.081,0.08,19.0,1fed32ba-040b-4c1d-b0b9-7c98c1ae5ea0
2024-05-31T15:32:01.421,0.08,19.0,aecf1e1e-c879-48c0-bc01-54238e80a090
2024-05-31T15:44:11.953,0.08,19.0,84e8f7a2-2260-49c4-8b00-d1252d6b7f9b
2024-05-31T17:30:36.056,0.08,19.0,04893e7a-9dfc-4161-a10b-3351b92b2ec8
2024-05-31T18:10:32.021,0.08,19.0,c573d567-af51-4712-a1ad-51c223701c43
2024-05-31T18:55:04.796,0.08,19.0,bcd99444-2b28-4df1-890a-526b4addfd04
2024-05-31T19:34:51.943,0.08,19.0,01c2cf0a-67ac-46c8-b030-7072a364586a
2024-05-31T20:16:48.761,0.08,19.0,792e2997-eaca-415c-b6eb-6555a3fd802a
2024-05-31T22:06:47.92,0.08,19.0,f6f6b6b9-0000-4e65-b649-c24cc22da8ca
2024-05-31T22:36:48.184,0.08,19.0,165131dd-82b7-4942-9d98-8cf64d978bd5